Data Provider,Short Name,Version,Entry Title,Processing Level,Platform,Start Time,End Time
"GES_DISC","EXP7L1TRTALL","001","Explorer-7 Thermal Radiation Experiment Temperature Values from All Sensors V001 (EXP7L1TRTALL) at GES DISC","1","Explorer-7","1959-10-19T00:00:00.000Z","1960-06-04T23:59:59.999Z"
"GES_DISC","EXP7L1TRTWHT","001","Explorer-7 Thermal Radiation Experiment Selected White Sensor Temperature (Nighttime) Values V001 (EXP7L1TRTWHT) at GES DISC","1","Explorer-7","1959-11-15T00:00:00.000Z","1960-05-24T23:59:59.999Z"
"USGS_LTA","SPACE_PHOTOS","Not provided","Space Acquired Photography","Not provided","Not provided, GEMINI, ISS, SKYLAB, SPACE SHUTTLES","1965-03-23T00:00:00.000Z",
"CDDIS","CDDIS_SLR_data_daily_fr","1","Ground-Based Satellite Laser Ranging (SLR) Observation Data (full-rate, daily, 24 hour files) from NASA CDDIS","1","LAGEOS-1, LAGEOS-2, ETALON-1, ETALON-2, GROUND STATIONS, AJISAI, STARLETTE, STELLA, Galileo, GLONASS, Beidou, IRNSS, QZSS, LARES","1976-01-01T00:00:00.000Z",
"CDDIS","CDDIS_SLR_data_monthly_fr","1","Ground-Based Satellite Laser Ranging (SLR) Observation Data (full-rate, monthly files) from NASA CDDIS","1","LAGEOS-1, LAGEOS-2, ETALON-1, ETALON-2, GROUND STATIONS, AJISAI, STARLETTE, STELLA, Galileo, GLONASS, Beidou, IRNSS, QZSS, LARES","1976-01-01T00:00:00.000Z",
"GES_DISC","VISSRGOES1IMIR","001","VISSR/GOES-1 Infrared Imagery on 70mm Film V001 (VISSRGOES1IMIR) at GES DISC","1","GOES-1","1976-01-27T00:00:00.000Z","1976-10-28T23:59:59.999Z"
"GES_DISC","VISSRGOES1IMVIS","001","VISSR/GOES-1 Visible Imagery on 70mm Film V001 (VISSRGOES1IMVIS) at GES DISC","1","GOES-1","1976-01-27T00:00:00.000Z","1976-10-28T23:59:59.999Z"
"GES_DISC","VISSRGOES2IMIR","001","VISSR/GOES-2 Infrared Imagery on 70mm Film V001 (VISSRGOES2IMIR) at GES DISC","1","GOES-2","1977-08-29T00:00:00.000Z","1979-01-03T23:59:59.999Z"
"GES_DISC","VISSRGOES2IMVIS","001","VISSR/GOES-2 Visible Imagery on 70mm Film V001 (VISSRGOES2IMVIS) at GES DISC","1","GOES-2","1977-08-29T00:00:00.000Z","1979-01-03T23:59:59.999Z"
"LARC_ASDC","GloSSAC","2.22","Global Space-based Stratospheric Aerosol Climatology Version 2.22","3","ERBS, CALIPSO, UARS, ISS","1979-01-01T00:00:00.000Z","2023-12-31T23:59:59.999Z"
"LARC_ASDC","GloSSAC","2.21","Global Space-based Stratospheric Aerosol Climatology Version 2.21","3","ERBS, CALIPSO, UARS, ISS","1979-01-01T00:00:00.000Z","2022-12-31T23:59:59.999Z"
"LARC_ASDC","GloSSAC","2.2","Global Space-based Stratospheric Aerosol Climatology Version 2.2","3","ERBS, CALIPSO, UARS, ISS","1979-01-01T00:00:00.000Z","2021-12-31T23:59:59.999Z"
"LARC_ASDC","GloSSAC","2.1","Global Space-based Stratospheric Aerosol Climatology Version 2.1","3","ERBS, CALIPSO, UARS, ISS","1979-01-01T00:00:00.000Z","2020-12-31T23:59:59.999Z"
"GES_DISC","VISSRGOES3IMIR","001","VISSR/GOES-3 Infrared Imagery on 70mm Film V001 (VISSRGOES3IMIR) at GES DISC","1","GOES-3","1979-05-02T00:00:00.000Z","1979-06-07T23:59:59.999Z"
"GES_DISC","VISSRGOES3IMVIS","001","VISSR/GOES-3 Visible Imagery on 70mm Film V001 (VISSRGOES3IMVIS) at GES DISC","1","GOES-3","1979-05-02T00:00:00.000Z","1979-06-08T23:59:59.999Z"
"POCLOUD","OSTIA-UKMO-L4-GLOB-REP-v2.0","2.0","GHRSST Level 4 OSTIA Global Historical Reprocessed Foundation Sea Surface Temperature Analysis produced by the UK Meteorological Office","4","GOES-16, METEOSAT-9, BUOYS, METOP-A, Sentinel-3A, GCOM-W1, ENVISAT, GOES-13, METOP-B, NOAA-19, GPM, TRMM, NOAA-18, NOAA-17, NOAA-16, NOAA-15, NOAA-14, NOAA-12, NOAA-11, NOAA-10, NOAA-9, NOAA-8, NOAA-7, NOAA-6, Sentinel-3B","1982-01-01T00:00:00.000Z",
"CDDIS","CDDIS_SLR_data_monthly_npt","1","Ground-Based Satellite Laser Ranging (SLR) Observation Data (normal points, monthly files) from NASA CDDIS","1","LAGEOS-1, LAGEOS-2, ETALON-1, ETALON-2, GROUND STATIONS, AJISAI, STARLETTE, STELLA, Galileo, GLONASS, Beidou, IRNSS, QZSS, LARES","1982-01-01T00:00:00.000Z",
"CDDIS","CDDIS_SLR_data_monthlysum_npt","1","Ground-Based Satellite Laser Ranging (SLR) Observation Data Summary (normal points, monthly files) from NASA CDDIS","1","LAGEOS-1, LAGEOS-2, ETALON-1, ETALON-2, GROUND STATIONS, AJISAI, STARLETTE, STELLA, Galileo, GLONASS, Beidou, IRNSS, QZSS, LARES","1982-01-01T00:00:00.000Z",
"CDDIS","CDDIS_GNSS_products_IGS20","1","CDDIS GNSS ITRF2020 IGS products (IGS20)","1","GPS","1983-01-01T00:00:00.000Z",
"LARC_ASDC","ISCCP_DX","1","International Satellite Cloud Climatology Project (ISCCP) Stage DX Pixel Level Cloud Product - Revised Algorithm in Binary Format","2","GMS-1, GMS-2, GMS-3, GMS-4, GMS-5, GOES-10, GOES-11, GOES-12, INSAT, METEOSAT-2, METEOSAT-3, METEOSAT-4, METEOSAT-5, METEOSAT-6, METEOSAT-7, METEOSAT-8, METEOSAT-9, MTSAT-1R, NOAA-10, NOAA-11, NOAA-12, NOAA-14, NOAA-15, NOAA-16, NOAA-17, NOAA-18, NOAA-7, NOAA-8, NOAA-9, GOES-5, GOES-6, GOES-7, GOES-8, GOES-9","1983-06-30T00:00:00.000Z","2009-12-31T23:59:59.999Z"
"LARC_ASDC","ISCCP_B3_NAT","1","International Satellite Cloud Climatology Project (ISCCP) Stage B3 Reduced Radiances in Native Format","1B","GMS-1, GMS-2, GMS-3, GMS-4, GMS-5, GOES-10, GOES-11, GOES-12, INSAT, METEOSAT-2, METEOSAT-3, METEOSAT-4, METEOSAT-5, METEOSAT-6, METEOSAT-7, METEOSAT-8, METEOSAT-9, MTSAT-1R, NOAA-10, NOAA-11, NOAA-12, NOAA-14, NOAA-15, NOAA-16, NOAA-17, NOAA-18, NOAA-7, NOAA-8, NOAA-9, GOES-5, GOES-6, GOES-7, GOES-8, GOES-9","1983-07-01T00:00:00.000Z","2009-12-31T23:59:59.999Z"
"LARC_ASDC","ISCCP_D1","1","International Satellite Cloud Climatology Project (ISCCP) Stage D1 3-Hourly Cloud Products - Revised Algorithm in Hierarchical Data Format","3","GMS-1, GMS-2, GMS-3, GMS-4, GMS-5, GOES-10, GOES-11, GOES-12, INSAT, METEOSAT-2, METEOSAT-3, METEOSAT-4, METEOSAT-5, METEOSAT-6, METEOSAT-7, METEOSAT-8, METEOSAT-9, MTSAT-1R, NOAA-10, NOAA-11, NOAA-12, NOAA-14, NOAA-15, NOAA-16, NOAA-17, NOAA-18, NOAA-7, NOAA-8, NOAA-9, GOES-5, GOES-6, GOES-7, GOES-8, GOES-9","1983-07-01T00:00:00.000Z","2009-12-31T23:59:59.999Z"
"LARC_ASDC","ISCCP_D2","1","International Satellite Cloud Climatology Project (ISCCP) Stage D2 Monthly Cloud Products - Revised Algorithm in Hierarchical Data Format","3","GMS-1, GMS-2, GMS-3, GMS-4, GMS-5, GOES-10, GOES-11, GOES-12, INSAT, METEOSAT-2, METEOSAT-3, METEOSAT-4, METEOSAT-5, METEOSAT-6, METEOSAT-7, METEOSAT-8, METEOSAT-9, MTSAT-1R, NOAA-10, NOAA-11, NOAA-12, NOAA-14, NOAA-15, NOAA-16, NOAA-17, NOAA-18, NOAA-7, NOAA-8, NOAA-9, GOES-5, GOES-6, GOES-7, GOES-8, GOES-9","1983-07-01T00:00:00.000Z","2009-12-31T23:59:59.999Z"
"LARC_ASDC","SRB_REL3.0_SW_3HRLY_MONTHLY_UTC_NC","1","Surface Radiation Budget (SRB) Release 3.0 Shortwave 3 hourly monthly UTC data in netcdf format","2","GMS-1, GMS-2, GMS-3, GMS-4, METEOSAT-2, METEOSAT-3, METEOSAT-4, NOAA-10, NOAA-11, NOAA-12, NOAA-7, NOAA-8, NOAA-9, GOES-5, GOES-6, GOES-7","1983-07-01T00:00:00.000Z","2007-12-31T23:59:59.999Z"
"LARC_ASDC","MAPS_OSTA3_CO5X5_HDF","1","Measurement of Air Pollution from Satellites (MAPS) Office of Space and Terrestrial Applications - 3 (OSTA3) Carbon Monoxide 5 degree by 5 degree data","3","STS-41G, SPACE SHUTTLES","1984-10-06T00:00:00.000Z","1984-10-13T23:59:59.999Z"
"LARC_ASDC","MAPS_OSTA3_COSEC_HDF","1","Measurement of Air Pollution from Satellites (MAPS) Office of Space and Terrestrial Applications - 3 (OSTA3) Carbon Monoxide Second by Second data","2","STS-41G, SPACE SHUTTLES","1984-10-06T00:00:00.000Z","1984-10-13T23:59:59.999Z"
"GES_DISC","ATMOSL2AT","3","ATMOS L2 Trace Gases on Altitude Grid, Tab Delimited Format V3 (ATMOSL2AT) at GES DISC","2","Spacelab-3, ATLAS-1, ATLAS-2, ATLAS-3","1985-04-30T00:00:00.000Z","1994-11-12T23:59:59.999Z"
"GES_DISC","ATMOSL1","3","ATMOS L1 Spectra and Runlogs V3 (ATMOSL1) at GES DISC","1","Spacelab-3, ATLAS-1, ATLAS-2, ATLAS-3","1985-04-30T00:00:00.000Z","1994-11-12T23:59:59.999Z"
"GES_DISC","ATMOSL2AF","3","ATMOS L2 Trace Gases on Altitude Grid, Fixed Field Format V3 (ATMOSL2AF) at GES DISC","2","Spacelab-3, ATLAS-1, ATLAS-2, ATLAS-3","1985-04-30T00:00:00.000Z","1994-11-12T23:59:59.999Z"
"GES_DISC","ATMOSL2PF","3","ATMOS L2 Trace Gases on Pressure Grid, Fixed Field Format V3 (ATMOSL2PF) at GES DISC","2","Spacelab-3, ATLAS-1, ATLAS-2, ATLAS-3","1985-04-30T00:00:00.000Z","1994-11-12T23:59:59.999Z"
"GES_DISC","ATMOSL2PT","3","ATMOS L2 Trace Gases on Pressure Grid, Tab Delimited Format V3 (ATMOSL2PT) at GES DISC","2","Spacelab-3, ATLAS-1, ATLAS-2, ATLAS-3","1985-04-30T00:00:00.000Z","1994-11-12T23:59:59.999Z"
"GES_DISC","ATMOSL2TF","3","ATMOS L2 Trace Gases on Potential Temperature Grid, Fixed Field Format V3 (ATMOSL2TF) at GES DISC","2","SPACELAB-3, ATLAS-1, ATLAS-2, ATLAS-3","1985-04-30T00:00:00.000Z","1994-11-12T23:59:59.999Z"
"GES_DISC","ATMOSL2TT","3","ATMOS L2 Trace Gases on Potential Temperature Grid, Tab Delimited Format V3 (ATMOSL2TT) at GES DISC","2","Spacelab-3, ATLAS-1, ATLAS-2, ATLAS-3","1985-04-30T00:00:00.000Z","1994-11-12T23:59:59.999Z"
"LARC_ASDC","FIRE_CI1_ISCCP_DX","1","First ISCCP Regional Experiment (FIRE) Cirrus 1 ISCCP Stage DX Pixel Level Cloud Product - Revised Algorithm Data","2","NOAA-9, GOES-6","1986-10-01T00:00:00.000Z","1986-10-31T23:59:59.999Z"
"LARC_ASDC","FIRE_MS_ISCCP_DX","1","First ISCCP Regional Experiment (FIRE) Marine Stratocumulus ISCCP Stage DX Pixel Level Cloud Product - Revised Algorithm Data","2","NOAA-10, NOAA-9, GOES-6","1987-07-01T00:00:00.000Z","1987-07-31T23:59:59.999Z"
"GES_DISC","SSBUVIRR","008","Shuttle SBUV (SSBUV) Solar Spectral Irradiance V008 (SSBUVIRR) at GES DISC","2","STS-34, STS-41, STS-43, STS-45, STS-56, STS-62, STS-66, STS-72","1989-10-19T00:00:00.000Z","1996-01-18T23:59:59.999Z"
"GES_DISC","SSBUVO3","008","Shuttle SBUV (SSBUV) Level 2 Ozone Profile and Total Column, Aerosol Index, and UV-Reflectivity V008 (SSBUVO3) at GES DISC","2","STS-34, STS-41, STS-43, STS-45, STS-56, STS-62, STS-66, STS-72","1989-10-19T00:00:00.000Z","1996-01-18T23:59:59.999Z"
"LARC_ASDC","FIRE_CI2_ISCCP_DX","1","First ISCCP Regional Experiment (FIRE) Cirrus 2 ISCCP Stage DX Pixel Level Cloud Product - Revised Algorithm Data","2","GOES-7, NOAA-12, NOAA-11","1991-11-01T00:00:00.000Z","1991-12-31T23:59:59.999Z"
"CDDIS","CDDIS_GNSS_IGSACERPFinal_product","1","Global Navigation Satellite System (GNSS) Analysis Center Final Earth Rotation Parameters Product from NASA CDDIS","2","Beidou, Galileo, GLONASS, GPS, GROUND STATIONS, QZSS, IRNSS, SBAS","1992-01-01T00:00:00.000Z",
"CDDIS","CDDIS_GNSS_IGSACRFSSCfinal_product","1","Global Navigation Satellite System (GNSS) Final Analysis Center Station Positions/Velocities (no covariance matrix) Product from NASA CDDIS - Cloned","2","Beidou, Galileo, GLONASS, GPS, GROUND STATIONS, QZSS, IRNSS, SBAS","1992-01-01T00:00:00.000Z",
"CDDIS","CDDIS_GNSS_IGSACRFfinal_product","1","Global Navigation Satellite System (GNSS) Analysis Center Final Station Positions/Velocities Product from NASA CDDIS","2","Beidou, Galileo, GLONASS, GPS, GROUND STATIONS, QZSS, IRNSS, SBAS","1992-01-01T00:00:00.000Z",
"CDDIS","CDDIS_GNSS_IGSACclockFinal_product","1","Global Navigation Satellite System (GNSS) Analysis Center Final Clock Product (daily files, generated weekly) from NASA CDDIS","2","Beidou, Galileo, GLONASS, GPS, GROUND STATIONS, QZSS, IRNSS, SBAS","1992-01-01T00:00:00.000Z",
"CDDIS","CDDIS_GNSS_IGSACorbitFinal_product","1","Global Navigation Satellite System (GNSS) Analysis Center Final Orbit Product (daily files, generated weekly) from NASA CDDIS","2","Beidou, Galileo, GLONASS, GPS, GROUND STATIONS, QZSS, IRNSS, SBAS","1992-01-01T00:00:00.000Z",
"CDDIS","CDDIS_GNSS_IGSACsummaryFinal_product","1","Global Navigation Satellite System (GNSS) Analysis Center Final Orbit/Reference Frame Product Summary from NASA CDDIS","2","Beidou, Galileo, GLONASS, GPS, GROUND STATIONS, QZSS, IRNSS, SBAS","1992-01-01T00:00:00.000Z",
"CDDIS","CDDIS_GNSS_IGSCMPsummaryUltraRapid_product","1","Global Navigation Satellite System (GNSS) Ultra-Rapid Orbit/Clock/ERP Product Comparison Summary from NASA CDDIS","2","Beidou, Galileo, GLONASS, GPS, GROUND STATIONS, QZSS, IRNSS, SBAS","1992-01-01T00:00:00.000Z",
"CDDIS","CDDIS_GNSS_IGSDCB_product","1","Ground-Based Global Navigation Satellite System Differential Code Bias Product from NASA CDDIS","2","Beidou, Galileo, GLONASS, GPS, GROUND STATIONS, QZSS, IRNSS, SBAS","1992-01-01T00:00:00.000Z",
"CDDIS","CDDIS_GNSS_IGSERPFinal_product","1","Global Navigation Satellite System (GNSS) Final Earth Rotation Parameters Product from NASA CDDIS","2","Beidou, Galileo, GLONASS, GPS, GROUND STATIONS, QZSS, IRNSS, SBAS","1992-01-01T00:00:00.000Z",
"CDDIS","CDDIS_GNSS_IGSERPRapid_product","1","Global Navigation Satellite System (GNSS) Rapid Earth Rotation Product from NASA CDDIS","2","Beidou, Galileo, GLONASS, GPS, GROUND STATIONS, QZSS, IRNSS, SBAS","1992-01-01T00:00:00.000Z",
"CDDIS","CDDIS_GNSS_IGSERPUltraRapid_product","1","Global Navigation Satellite System (GNSS) Ultra-Rapid Earth Rotation Product from NASA CDDIS","2","Beidou, Galileo, GLONASS, GPS, GROUND STATIONS, QZSS, IRNSS, SBAS","1992-01-01T00:00:00.000Z",
"CDDIS","CDDIS_GNSS_IGSRFResidualsFinal_product","1","Global Navigation Satellite System (GNSS) Final Combined Station Positions/Velocities Residual Product from NASA CDDIS","2","Beidou, Galileo, GLONASS, GPS, GROUND STATIONS, QZSS, IRNSS, SBAS","1992-01-01T00:00:00.000Z",
"CDDIS","CDDIS_GNSS_IGSRFSSCfinal_product","1","Global Navigation Satellite System (GNSS) Final Combined Station Positions/Velocities (no covariance matrix) Product from NASA CDDIS","2","Beidou, Galileo, GLONASS, GPS, GROUND STATIONS, QZSS, IRNSS, SBAS","1992-01-01T00:00:00.000Z",
"CDDIS","CDDIS_GNSS_IGSRFcumlativeFinal_product","1","Global Navigation Satellite System (GNSS) Final Cumulative Combined Station Positions/Velocities Product from NASA CDDIS","2","Beidou, Galileo, GLONASS, GPS, GROUND STATIONS, QZSS, IRNSS, SBAS","1992-01-01T00:00:00.000Z",
"CDDIS","CDDIS_GNSS_IGSRFcumulativeSSCfinal_product","1","Global Navigation Satellite System (GNSS) Final Cumulative Station Positions/Velocities (no covariance matrix) Product from NASA CDDIS","2","Beidou, Galileo, GLONASS, GPS, GROUND STATIONS, QZSS, IRNSS, SBAS","1992-01-01T00:00:00.000Z",
"CDDIS","CDDIS_GNSS_IGSRFfinal_product","1","Global Navigation Satellite System (GNSS) Final Combined Station Positions/Velocities Product from NASA CDDIS","2","Beidou, Galileo, GLONASS, GPS, GROUND STATIONS, QZSS, IRNSS, SBAS","1992-01-01T00:00:00.000Z",
"CDDIS","CDDIS_GNSS_IGSclock30Final_product","1","Global Navigation Satellite System (GNSS) Final Clock Product (30 second resolution, daily files, generated weekly) from NASA CDDIS","2","Beidou, Galileo, GLONASS, GPS, GROUND STATIONS, QZSS, IRNSS, SBAS","1992-01-01T00:00:00.000Z",
"CDDIS","CDDIS_GNSS_IGSclock5Final_product","1","Global Navigation Satellite System (GNSS) Final Clock Product (5 minute resolution, daily files, generated weekly) from NASA CDDIS","2","Beidou, Galileo, GLONASS, GPS, GROUND STATIONS, QZSS, IRNSS, SBAS","1992-01-01T00:00:00.000Z",
"CDDIS","CDDIS_GNSS_IGSclockComparisonFinal_product","1","Global Navigation Satellite System (GNSS) Combined Final Clock Solution Comparison Summary Product from NASA CDDIS","2","Beidou, Galileo, GLONASS, GPS, GROUND STATIONS, QZSS, IRNSS, SBAS","1992-01-01T00:00:00.000Z",
"CDDIS","CDDIS_GNSS_IGSclockComparisonRapid_product","1","Global Navigation Satellite System (GNSS) Combined Rapid Clock Solution Comparison Summary Product from NASA CDDIS","2","Beidou, Galileo, GLONASS, GPS, GROUND STATIONS, QZSS, IRNSS, SBAS","1992-01-01T00:00:00.000Z",
"CDDIS","CDDIS_GNSS_IGSclockRapid_product","1","Global Navigation Satellite System (GNSS) Rapid Clock Product (30 second resolution, daily files, generated daily) from NASA CDDIS","2","Beidou, Galileo, GLONASS, GPS, GROUND STATIONS, QZSS, IRNSS, SBAS","1992-01-01T00:00:00.000Z",
"CDDIS","CDDIS_GNSS_IGSorbitFinal_product","1","Global Navigation Satellite System (GNSS) Final Orbit Product (daily files, generated weekly) from NASA CDDIS","2","Beidou, Galileo, GLONASS, GPS, GROUND STATIONS, QZSS, IRNSS, SBAS","1992-01-01T00:00:00.000Z",
"CDDIS","CDDIS_GNSS_IGSorbitRapid_product","1","Global Navigation Satellite System (GNSS) Rapid Orbit Product (daily files, generated daily) from NASA CDDIS","2","Beidou, Galileo, GLONASS, GPS, GROUND STATIONS, QZSS, IRNSS, SBAS","1992-01-01T00:00:00.000Z",
"CDDIS","CDDIS_GNSS_IGSorbitUltraRapid_product","1","Global Navigation Satellite System (GNSS) Ultra-Rapid Orbit Product (sub-daily files, generated 4 times/day) from NASA CDDIS","2","Beidou, Galileo, GLONASS, GPS, GROUND STATIONS, QZSS, IRNSS, SBAS","1992-01-01T00:00:00.000Z",
"CDDIS","CDDIS_GNSS_IGSsummaryFinal_product","1","Global Navigation Satellite System (GNSS) Final Orbit/Reference Frame Product Summary from NASA CDDIS","2","Beidou, Galileo, GLONASS, GPS, GROUND STATIONS, QZSS, IRNSS, SBAS","1992-01-01T00:00:00.000Z",
"CDDIS","CDDIS_GNSS_IGSsummaryRapid_product","1","Global Navigation Satellite System (GNSS) Rapid Orbit/Clock/ERP Product Summary from NASA CDDIS","2","Beidou, Galileo, GLONASS, GPS, GROUND STATIONS, QZSS, IRNSS, SBAS","1992-01-01T00:00:00.000Z",
"CDDIS","CDDIS_GNSS_IGSsummaryUltraRapid_product","1","Global Navigation Satellite System (GNSS) Ultra-Rapid Orbit/Clock/ERP Product Summary from NASA CDDIS","2","Beidou, Galileo, GLONASS, GPS, GROUND STATIONS, QZSS, IRNSS, SBAS","1992-01-01T00:00:00.000Z",
"CDDIS","CDDIS_GNSS_daily_data","1","Ground-Based Global Navigation Satellite System Data (30-second sampling, 24 hour files) from NASA CDDIS","1","Beidou, Galileo, GLONASS, GPS, GROUND STATIONS, QZSS, IRNSS","1992-01-01T00:00:00.000Z",
"CDDIS","CDDIS_GNSS_daily_data_beidounav","1","Ground-Based Global Navigation Satellite System (GNSS) Beidou Broadcast Ephemeris Data (daily files) from NASA CDDIS","1A","Beidou, GROUND STATIONS","1992-01-01T00:00:00.000Z",
"CDDIS","CDDIS_GNSS_daily_data_combinednav","1","Ground-Based Global Navigation Satellite System Combined Broadcast Ephemeris Data (daily files) from NASA CDDIS","1A","Beidou, Galileo, GLONASS, GPS, GROUND STATIONS, QZSS, IRNSS, SBAS","1992-01-01T00:00:00.000Z",
"CDDIS","CDDIS_GNSS_daily_data_compactobs","1","Ground-Based Global Navigation Satellite System (GNSS) Compact Observation Data (30-second sampling, daily, 24 hour files) from NASA CDDIS","1A","Beidou, Galileo, GLONASS, GPS, GROUND STATIONS, QZSS, IRNSS, SBAS","1992-01-01T00:00:00.000Z",
"CDDIS","CDDIS_GNSS_daily_data_galileonav","1","Ground-Based Global Navigation Satellite System (GNSS) Galileo Broadcast Ephemeris Data (daily files) from NASA CDDIS","1A","Galileo, GROUND STATIONS","1992-01-01T00:00:00.000Z",
"CDDIS","CDDIS_GNSS_daily_data_glonassnav","1","Ground-Based Global Navigation Satellite System (GNSS) GLONASS Broadcast Ephemeris Data (daily files) from NASA CDDIS","1A","GLONASS, GROUND STATIONS","1992-01-01T00:00:00.000Z",
"CDDIS","CDDIS_GNSS_daily_data_gpsnav","1","Ground-Based Global Navigation Satellite System (GNSS) GPS Broadcast Ephemeris Data (daily files) from NASA CDDIS","1A","GPS, GROUND STATIONS","1992-01-01T00:00:00.000Z",
"CDDIS","CDDIS_GNSS_daily_data_irnssnav","1","Ground-Based Global Navigation Satellite System (GNSS) IRNSS Broadcast Ephemeris Data (daily files) from NASA CDDIS","1A","IRNSS, GROUND STATIONS","1992-01-01T00:00:00.000Z",
"CDDIS","CDDIS_GNSS_daily_data_met","1","Ground-Based Meteorological Data (daily, 24 hour files) from Co-Located Global Navigation Satellite System (GNSS) Receivers from NASA CDDIS","1A","Beidou, Galileo, GLONASS, GPS, GROUND STATIONS, QZSS, IRNSS, SBAS","1992-01-01T00:00:00.000Z",
"CDDIS","CDDIS_GNSS_daily_data_mixednav","1","Ground-Based Global Navigation Satellite System Mixed Broadcast Ephemeris Data (daily files) from NASA CDDIS","1A","Beidou, Galileo, GLONASS, GPS, GROUND STATIONS, QZSS, IRNSS, SBAS","1992-01-01T00:00:00.000Z",
"CDDIS","CDDIS_GNSS_daily_data_obs","1","Ground-Based Global Navigation Satellite System (GNSS) Observation Data (30-second sampling, daily, 24 hour files) from NASA CDDIS","1A","Beidou, Galileo, GLONASS, GPS, GROUND STATIONS, QZSS, IRNSS, SBAS","1992-01-01T00:00:00.000Z",
"CDDIS","CDDIS_GNSS_daily_data_qzssnav","1","Ground-Based Global Navigation Satellite System (GNSS) QZSS Broadcast Ephemeris Data (daily files) from NASA CDDIS","1A","QZSS, GROUND STATIONS","1992-01-01T00:00:00.000Z",
"CDDIS","CDDIS_GNSS_daily_data_sbasnav","1","Ground-Based Global Navigation Satellite System (GNSS) SBAS Broadcast Ephemeris Data (daily files) from NASA CDDIS","1A","SBAS, GROUND STATIONS","1992-01-01T00:00:00.000Z",
"CDDIS","CDDIS_GNSS_daily_data_sum","1","Ground-Based Global Navigation Satellite System Observation Summary Data (30-second sampling, daily files) from NASA CDDIS","1A","Beidou, Galileo, GLONASS, GPS, GROUND STATIONS, QZSS, IRNSS, SBAS","1992-01-01T00:00:00.000Z",
"CDDIS","CDDIS_GNSS_highrate_data_beidounav","1","Ground-Based Global Navigation Satellite System (GNSS) Beidou Broadcast Ephemeris Data (sub-hourly files) from NASA CDDIS","1A","Beidou, GROUND STATIONS","1992-01-01T00:00:00.000Z",
"CDDIS","CDDIS_GNSS_highrate_data_compactobs","1","Ground-Based Global Navigation Satellite System (GNSS) Compact Observation Data (1-second sampling, sub-hourly files) from NASA CDDIS","1A","Beidou, Galileo, GLONASS, GPS, GROUND STATIONS, QZSS, IRNSS, SBAS","1992-01-01T00:00:00.000Z",
"CDDIS","CDDIS_GNSS_highrate_data_galileonav","1","Ground-Based Global Navigation Satellite System (GNSS) Galileo Broadcast Ephemeris Data (sub-hourly files) from NASA CDDIS","1A","Galileo, GROUND STATIONS","1992-01-01T00:00:00.000Z",
"CDDIS","CDDIS_GNSS_highrate_data_glonassnav","1","Ground-Based Global Navigation Satellite System (GNSS) GLONASS Broadcast Ephemeris Data (sub-hourly files) from NASA CDDIS","1A","GLONASS, GROUND STATIONS","1992-01-01T00:00:00.000Z",
"CDDIS","CDDIS_GNSS_highrate_data_gpsnav","1","Ground-Based Global Navigation Satellite System (GNSS) GPS Broadcast Ephemeris Data (sub-hourly files) from NASA CDDIS","1A","GPS, GROUND STATIONS","1992-01-01T00:00:00.000Z",
"CDDIS","CDDIS_GNSS_highrate_data_met","1","Ground-Based Meteorological Data (sub-hourly files) from Co-Located Global Navigation Satellite System (GNSS) Receivers from NASA CDDIS","1A","Beidou, Galileo, GLONASS, GPS, GROUND STATIONS, QZSS, IRNSS, SBAS","1992-01-01T00:00:00.000Z",
"CDDIS","CDDIS_GNSS_highrate_data_mixednav","1","Ground-Based Global Navigation Satellite System Mixed Broadcast Ephemeris Data (sub-hourly files) from NASA CDDIS","1A","Beidou, Galileo, GLONASS, GPS, GROUND STATIONS, QZSS, IRNSS, SBAS","1992-01-01T00:00:00.000Z",
"CDDIS","CDDIS_GNSS_highrate_data_obs","1","Ground-Based Global Navigation Satellite System (GNSS) Observation Data (1-second sampling, sub-hourly files) from NASA CDDIS","1A","Beidou, Galileo, GLONASS, GPS, GROUND STATIONS, QZSS, IRNSS, SBAS","1992-01-01T00:00:00.000Z",
"CDDIS","CDDIS_GNSS_highrate_data_qzssnav","1","Ground-Based Global Navigation Satellite System (GNSS) QZSS Broadcast Ephemeris Data (sub-hourly files) from NASA CDDIS","1A","QZSS, GROUND STATIONS","1992-01-01T00:00:00.000Z",
"CDDIS","CDDIS_GNSS_highrate_data_sbasnav","1","Ground-Based Global Navigation Satellite System (GNSS) SBAS Broadcast Ephemeris Data (sub-hourly files) from NASA CDDIS","1A","SBAS, GROUND STATIONS","1992-01-01T00:00:00.000Z",
"CDDIS","CDDIS_GNSS_hourly_data_beidounav","1","Ground-Based Global Navigation Satellite System (GNSS) Beidou Broadcast Ephemeris Data (hourly files) from NASA CDDIS","1A","Beidou, GROUND STATIONS","1992-01-01T00:00:00.000Z",
"CDDIS","CDDIS_GNSS_hourly_data_combinednav","1","Ground-Based Global Navigation Satellite System (GNSS) Combined Broadcast Ephemeris Data (hourly files) from NASA CDDIS","1A","Beidou, Galileo, GLONASS, GPS, GROUND STATIONS, QZSS, IRNSS, SBAS","1992-01-01T00:00:00.000Z",
"CDDIS","CDDIS_GNSS_hourly_data_compactobs","1","Ground-Based Global Navigation Satellite System (GNSS) Compact Observation Data (30-second sampling, hourly files) from NASA CDDIS","1A","Beidou, Galileo, GLONASS, GPS, GROUND STATIONS, QZSS, IRNSS, SBAS","1992-01-01T00:00:00.000Z",
"CDDIS","CDDIS_GNSS_hourly_data_galileonav","1","Ground-Based Global Navigation Satellite System (GNSS) Galileo Broadcast Ephemeris Data (hourly files) from NASA CDDIS","1A","Galileo, GROUND STATIONS","1992-01-01T00:00:00.000Z",
"CDDIS","CDDIS_GNSS_hourly_data_glonassnav","1","Ground-Based Global Navigation Satellite System (GNSS) GLONASS Broadcast Ephemeris Data (hourly files) from NASA CDDIS","1A","GLONASS, GROUND STATIONS","1992-01-01T00:00:00.000Z",
"CDDIS","CDDIS_GNSS_hourly_data_gpsnav","1","Ground-Based Global Navigation Satellite System (GNSS) GPS Broadcast Ephemeris Data (hourly files) from NASA CDDIS","1A","GPS, GROUND STATIONS","1992-01-01T00:00:00.000Z",
"CDDIS","CDDIS_GNSS_hourly_data_irnssnav","1","Ground-Based Global Navigation Satellite System (GNSS) IRNSS Broadcast Ephemeris Data (hourly files) from NASA CDDIS","1A","IRNSS, GROUND STATIONS","1992-01-01T00:00:00.000Z",
"CDDIS","CDDIS_GNSS_hourly_data_met","1","Ground-Based Meteorological Data (hourly files) from Co-Located Global Navigation Satellite System (GNSS) Receivers from NASA CDDIS","1A","Beidou, Galileo, GLONASS, GPS, GROUND STATIONS, QZSS, IRNSS, SBAS","1992-01-01T00:00:00.000Z",
"CDDIS","CDDIS_GNSS_hourly_data_mixednav","1","Ground-Based Global Navigation Satellite System (GNSS) Mixed Broadcast Ephemeris Data (hourly files) from NASA CDDIS","1A","Beidou, Galileo, GLONASS, GPS, GROUND STATIONS, QZSS, IRNSS, SBAS","1992-01-01T00:00:00.000Z",
"CDDIS","CDDIS_GNSS_hourly_data_obs","1","Ground-Based Global Navigation Satellite System (GNSS) Observation Data (30-second sampling, hourly files) from NASA CDDIS","1A","Beidou, Galileo, GLONASS, GPS, GROUND STATIONS, QZSS, IRNSS, SBAS","1992-01-01T00:00:00.000Z",
"CDDIS","CDDIS_GNSS_hourly_data_qzssnav","1","Ground-Based Global Navigation Satellite System (GNSS) QZSS Broadcast Ephemeris Data (hourly files) from NASA CDDIS","1A","QZSS, GROUND STATIONS","1992-01-01T00:00:00.000Z",
"CDDIS","CDDIS_GNSS_hourly_data_sbasnav","1","Ground-Based Global Navigation Satellite System (GNSS) SBAS Broadcast Ephemeris Data (hourly files) from NASA CDDIS","1A","SBAS, GROUND STATIONS","1992-01-01T00:00:00.000Z",
"CDDIS","CDDIS_GNSS_information","1","Supporting Information for Global Navigation Satellite System (GNSS) Data and Products from NASA CDDIS","NA","Beidou, Galileo, GLONASS, GPS, GROUND STATIONS, QZSS, IRNSS, SBAS","1992-01-01T00:00:00.000Z",
"CDDIS","CDDIS_GNSS_products_erp","1","CDDIS_GNSS_products_erp","2","GLONASS, GPS, GROUND STATIONS","1992-01-01T00:00:00.000Z",
"CDDIS","CDDIS_GNSS_products_orbit_final","1","Global Navigation Satellite System (GNSS) Final Orbit Product from NASA CDDIS","2","GLONASS, GPS","1992-06-14T00:00:00.000Z",
"CDDIS","CDDIS_GNSS_products_positions","1","CDDIS_GNSS_products_positions","2","GLONASS, GPS, GROUND STATIONS","1992-06-14T00:00:00.000Z",
"ORNL_CLOUD","BFO_hmet02_gridded_met_phase2-3_607","1","BOREAS Follow-On HMet-02 Area and Regional Hourly Gridded Met. Data, 1994-1996","3","METEOROLOGICAL STATIONS, GOES-7","1994-01-01T00:00:00.000Z","1997-01-01T23:59:59.000Z"
"ORNL_CLOUD","BFO_mod01_gridded_met_p3_daily_610","1","BOREAS Follow-On MOD-01 Regional Daily Averaged Gridded Met. Data, 1994-1996","3","METEOROLOGICAL STATIONS, GOES-7","1994-01-01T00:00:00.000Z","1997-01-01T23:59:59.000Z"
"CDDIS","CDDIS_GNSS_products_orbit_rapid","1","CDDIS_GNSS_products_orbit_rapid","2","GLONASS, GPS","1994-01-01T00:00:00.000Z",
"SEDAC","CIESIN_SEDAC_DEDC_ACE_V2","2.00","Altimeter Corrected Elevations, Version 2 (ACE2)","4","STS-99","1994-01-01T00:00:00.000Z","2005-12-31T00:00:00.000Z"
"SEDAC","CIESIN_SEDAC_WACVM_SUBSETACE2","1.00","West Africa Coastal Vulnerability Mapping: Subset of High and Low Resolution Altimeter Corrected Elevations 2 (ACE2)","3","OV-105, ERS-1, ERS-2","1994-01-01T00:00:00.000Z","2005-12-31T00:00:00.000Z"
"ORNL_CLOUD","goes71a_300","1","BOREAS RSS-14 GOES-7 Level-1a Visible, Infrared, and Water Vapor Images","1A","GOES-7","1994-01-01T00:00:00.000Z","1995-07-08T23:59:59.000Z"
"ORNL_CLOUD","goes71_444","1","BOREAS RSS-14 GOES-7 Level-1 Visible, Infrared, and Water Vapor Images","1A","GOES-7","1994-01-04T00:00:00.000Z","1995-07-08T23:59:59.000Z"
"ORNL_CLOUD","goes72_554","1","BOREAS RSS-14 GOES-7 Level-2 Shortwave and Longwave Radiation Images","2","GOES-7","1994-02-05T00:00:00.000Z","1994-09-20T23:59:59.000Z"
"LARC_ASDC","MAPS_SRL1_CO5X5_HDF","1","Measurement of Air Pollution from Satellites (MAPS) Space Radar Laboratory - 1 (SRL1) Carbon Monoxide 5 degree by 5 degree data","3","SPACE SHUTTLES, STS-59","1994-04-09T00:00:00.000Z","1994-04-19T23:59:59.999Z"
"LARC_ASDC","MAPS_SRL1_COSEC_HDF","1","Measurement of Air Pollution from Satellites (MAPS) Space Radar Laboratory - 1 (SRL1) Carbon Monoxide Second by Second data","2","SPACE SHUTTLES, STS-59","1994-04-09T00:00:00.000Z","1994-04-19T23:59:59.999Z"
"USGS_LTA","SIR-C_PRECISION","Not provided","Spaceborne Imaging Radar-C Precision","Not provided","SPACE SHUTTLES","1994-04-09T00:00:00.000Z","1994-10-11T23:59:59.999Z"
"ASF","STS-59_GRD","1","STS-59_GRD","Not provided","STS-59","1994-04-09T00:00:00.000Z","1994-04-22T00:00:00.000Z"
"ASF","STS-59_META_GRD","1","STS-59_METADATA_GRD","Not provided","STS-59","1994-04-09T00:00:00.000Z","1994-04-22T00:00:00.000Z"
"ASF","STS-59_META_SLC","1","STS-59_METADATA_SLC","Not provided","STS-59","1994-04-09T00:00:00.000Z","1994-04-22T00:00:00.000Z"
"ASF","STS-59_SLC","1","STS-59_SLC","Not provided","STS-59","1994-04-09T00:00:00.000Z","1994-04-22T00:00:00.000Z"
"ORNL_CLOUD","rs15bmlc_483","1","BOREAS RSS-15 SIR-C and TM Biomass and Landcover Maps of the NSA and SSA","3","SRL-1, SRL-2","1994-04-13T00:00:00.000Z","1995-09-02T23:59:59.000Z"
"ORNL_CLOUD","rss14srb_447","1","BOREAS RSS-14 Level-3 Gridded Radiometer and Satellite Surface Radiation Images","3","FIXED OBSERVATION STATIONS, GOES-8, GOES-7","1994-05-16T00:00:00.000Z","1994-09-20T23:59:59.000Z"
"LARC_ASDC","LITE_L1","1","Lidar In-Space Technology Experiment (LITE) L1","1A","STS-64","1994-09-10T00:00:00.000Z","1994-09-19T23:59:59.999Z"
"LARC_ASDC","MAPS_SRL2_CO5X5_HDF","1","Measurement of Air Pollution from Satellites (MAPS) Space Radar Laboratory - 2 (SRL2) Carbon Monoxide 5 degree by 5 degree data","3","STS-68","1994-09-30T00:00:00.000Z","1994-10-11T23:59:59.999Z"
"LARC_ASDC","MAPS_SRL2_COSEC_HDF","1","Measurement of Air Pollution from Satellites (MAPS) Space Radar Laboratory - 2 (SRL2) Carbon Monoxide Second by Second data","2","STS-68, SPACE SHUTTLES","1994-09-30T00:00:00.000Z","1994-10-11T23:59:59.999Z"
"ASF","STS-68_GRD","1","STS-68_GRD","Not provided","STS-68","1994-09-30T00:00:00.000Z","1994-10-12T00:00:00.000Z"
"ASF","STS-68_META_GRD","1","STS-68_METADATA_GRD","Not provided","STS-68","1994-09-30T00:00:00.000Z","1994-10-12T00:00:00.000Z"
"ASF","STS-68_META_SLC","1","STS-68_METADATA_SLC","Not provided","STS-68","1994-09-30T00:00:00.000Z","1994-10-12T00:00:00.000Z"
"ASF","STS-68_SLC","1","STS-68_SLC","Not provided","STS-68","1994-09-30T00:00:00.000Z","1994-10-12T00:00:00.000Z"
"LARC_ASDC","STRAT_Satellite_Data","1","STRAT Supplementary Satellite Data Products","2","GOES-7, GOES-9","1995-05-03T00:00:00.000Z","1996-12-20T00:00:00.000Z"
"GHRC_DAAC","globalir","1","INFRARED GLOBAL GEOSTATIONARY COMPOSITE V1","3","GOES-16, NOAA-17, NOAA-15, GOES-12, METEOSAT-9, NOAA-16, METEOSAT-8, NOAA-18, GOES-11, MTSAT-1R, GOES-15, GOES-8, GOES-9, METEOSAT-6, GMS-4, GOES-13, METEOSAT-7","1995-06-04T00:00:00.000Z",
"LARC_ASDC","TOTE-VOTE_Satellite_Data","1","Tropical Ozone Transport Experiment - Vortex Ozone Transport Experiment (TOTE-VOTE) Supplementary Satellite Data","3","GOES-7, GOES-9","1995-12-03T00:00:00.000Z","1996-02-19T00:00:00.000Z"
"CDDIS","CDDIS_GNSS_IGSTroposphereZPDv1_product","1","Global Navigation Satellite System (GNSS) Troposphere Zenith Path Delay (ZPD) product (Version 1) from NASA CDDIS","2","GLONASS, GPS, GROUND STATIONS","1997-01-01T00:00:00.000Z",
"LARC_ASDC","POLARIS_Satellite_Data","1","POLARIS Supplementary Satellite Data Products","2","GOES-9, GMS-5, SATELLITES","1997-01-06T00:00:00.000Z","1997-09-26T23:59:59.999Z"
"CDDIS","CDDIS_GNSS_products_troposphere","1","CDDIS_GNSS_products_troposphere","2","GLONASS, GPS, GROUND STATIONS","1997-01-26T00:00:00.000Z",
"CDDIS","CDDIS_GNSS_IGSACIonosphereVTECRapid_product","1","Global Navigation Satellite System (GNSS) Ionosphere Vertical Total Electron Content (VTEC) Analysis Center Rapid Product from NASA CDDIS","2","Beidou, Galileo, GLONASS, GPS, GROUND STATIONS, QZSS, IRNSS, SBAS","1998-01-01T00:00:00.000Z",
"CDDIS","CDDIS_GNSS_IGSACIonosphereVTEC_product","1","Global Navigation Satellite System (GNSS) Ionosphere Vertical Total Electron Content (VTEC) Analysis Center Product from NASA CDDIS","2","Beidou, Galileo, GLONASS, GPS, GROUND STATIONS, QZSS, IRNSS, SBAS","1998-01-01T00:00:00.000Z",
"CDDIS","CDDIS_GNSS_IGSHRIonosphereVTEC_product","1","Global Navigation Satellite System (GNSS) Ionosphere High-Rate Vertical Total Electron Content (VTEC) Product from NASA CDDIS","2","Beidou, Galileo, GLONASS, GPS, GROUND STATIONS, QZSS, IRNSS, SBAS","1998-01-01T00:00:00.000Z",
"CDDIS","CDDIS_GNSS_IGSIonosphereVTECPredicted_product","1","Global Navigation Satellite System (GNSS) Ionosphere Vertical Total Electron Content (VTEC) Predicted Product from NASA CDDIS","2","Beidou, Galileo, GLONASS, GPS, GROUND STATIONS, QZSS, IRNSS, SBAS","1998-01-01T00:00:00.000Z",
"CDDIS","CDDIS_GNSS_IGSIonosphereVTECRapid_product","1","Global Navigation Satellite System (GNSS) Ionosphere Vertical Total Electron Content (VTEC) Rapid Product from NASA CDDIS","2","Beidou, Galileo, GLONASS, GPS, GROUND STATIONS, QZSS, IRNSS, SBAS","1998-01-01T00:00:00.000Z",
"CDDIS","CDDIS_GNSS_IGSIonosphereVTECfinal_product","1","Global Navigation Satellite System (GNSS) Ionosphere Vertical Total Electron Content (VTEC) Final Product from NASA CDDIS","2","Beidou, Galileo, GLONASS, GPS, GROUND STATIONS, QZSS, IRNSS, SBAS","1998-01-01T00:00:00.000Z",
"CDDIS","CDDIS_GNSS_IGSIonosphereVTECvalidation_product","1","Global Navigation Satellite System (GNSS) Ionosphere Vertical Total Electron Content (VTEC) Validation Product from NASA CDDIS","2","Beidou, Galileo, GLONASS, GPS, GROUND STATIONS, QZSS, IRNSS, SBAS","1998-01-01T00:00:00.000Z",
"CDDIS","CDDIS_SLR_predictions","1","CDDIS_SLR_predictions","1","ADEOS-1, ADEOS-2, AJISAI, ALOS, ANDE CASTOR, ANDE POLLUX, ANDE-RR ACTIVE, ANDE-RR PASSIVE, BE-C, BLITS, CHAMP, COMPASS-M1, CRYOSAT-1, CRYOSAT-2, DIADEM-1C, DIADEM-1D, ENVISAT, ERS-1, ERS-2, ETALON-1, ETALON-2, ETS-8, GEOS-1, GEOS-2, GEOS-3, GFO-1, GFZ-1, GIOVE-A, GIOVE-B, GLONASS, GOCE, GP-B, GPS-35, GPS-36, GRACE-A, GRACE-B, GROUND STATIONS, HY-2A, ICESAT-1, JASON-1, JASON-2, KOMPSAT-5, LAGEOS-1, LAGEOS-2, LARETS, LRE, LRO, METEOR 2-21, METEOR-2, METEOR-3, METEOR-3M, MSTI-2, OICETS, PROBA-2, QZS-1, RADIOASTRON, REFLECTOR, RESURS-01, SEASAT-1, SOHLA-1, STARLETTE, STARSHINE, STELLA, STSAT-2A, STSAT-2B, SUNSAT, TANDEM-X, TERRASAR-X, TIPS, TIPS-NORTON, TIPS-RALPH, TOPEX/POSEIDON, WESTPAC, ZEIA","1998-01-01T00:00:00.000Z",
"CDDIS","CDDIS_GNSS_products_clocks_final","1","CDDIS_GNSS_products_clocks_final","2","GLONASS, GPS, GROUND STATIONS","1998-11-08T00:00:00.000Z",
"ORNL_CLOUD","NBCD2000_V2_1161","2","NACP Aboveground Biomass and Carbon Baseline Data, V.2 (NBCD 2000), U.S.A., 2000","3","LANDSAT-7, SPACE SHUTTLES","1999-01-01T00:00:00.000Z","2002-12-31T23:59:59.000Z"
"CDDIS","CDDIS_GNSS_IGSTroposphereZPD_product","2","Global Navigation Satellite System (GNSS) Troposphere Zenith Path Delay (ZPD) product from NASA CDDIS","2","Beidou, Galileo, GLONASS, GPS, GROUND STATIONS, QZSS, IRNSS, SBAS","2000-01-01T00:00:00.000Z",
"ORNL_CLOUD","CMS_Global_Map_Mangrove_Canopy_1665","1.3","Global Mangrove Distribution, Aboveground Biomass, and Canopy Height","3","ICESat, FIELD SURVEYS, STS-99","2000-01-01T00:00:00.000Z","2014-08-03T23:59:59.000Z"
"ORNL_CLOUD","CMS_Mangrove_Cover_1670","1.1","CMS: Mangrove Forest Cover Extent and Change across Major River Deltas, 2000-2016","4","LANDSAT-5, LANDSAT-7, LANDSAT-8, SENTINEL-1A, STS-99","2000-01-01T00:00:00.000Z","2016-12-31T23:59:59.000Z"
"ORNL_CLOUD","LC35_GOES_WF_ABBA_1180","1","LBA-ECO LC-35 GOES Imager Active Fire Detection Data, South America: 2000-2005","3","GOES-8, GOES-12","2000-01-01T00:00:00.000Z","2005-12-31T23:59:59.000Z"
"USGS_LTA","DMA_DTED","Not provided","Shuttle Radar Topography Mission DTED Level 1 (3-arc second) Data (DTED-1)","Not provided","SPACE SHUTTLES","2000-02-01T00:00:00.000Z","2000-02-29T23:59:59.999Z"
"LPCLOUD","SRTMGL1","003","NASA Shuttle Radar Topography Mission Global 1 arc second V003","3","STS-99","2000-02-11T00:00:00.000Z","2000-02-21T23:59:59.000Z"
"LPCLOUD","NASADEM_HGT","001","NASADEM Merged DEM Global 1 arc second V001","3","OV-105","2000-02-11T00:00:00.000Z","2000-02-21T23:59:59.000Z"
"LPCLOUD","SRTMGL3","003","NASA Shuttle Radar Topography Mission Global 3 arc second V003","3","STS-99","2000-02-11T00:00:00.000Z","2000-02-21T23:59:59.000Z"
"LPCLOUD","NASADEM_NUMNC","001","NASADEM Merged DEM Source Global 1 arc second nc V001","3","OV-105","2000-02-11T00:00:00.000Z","2000-02-21T23:59:59.000Z"
"LPCLOUD","SRTMGL30","002","NASA Shuttle Radar Topography Mission Global 30 arc second V002","3","STS-99","2000-02-11T00:00:00.000Z","2000-02-21T23:59:59.000Z"
"USGS_LTA","JPL_SRTM","Not provided","Shuttle Radar Topography Mission (SRTM) Images","Not provided","SPACE SHUTTLES","2000-02-11T00:00:00.000Z",
"USGS_LTA","JPL_SRTM_V2","2","Shuttle Radar Topography Mission (SRTM) Version 2","Not provided","Not provided, OV-105, STS-99","2000-02-11T00:00:00.000Z","2000-02-22T23:59:59.999Z"
"ORNL_CLOUD","LC01_SRTM_DEM_90m_NEC_1083","1","LBA-ECO LC-01 SRTM 90-Meter Digital Elevation Model, Northern Ecuadorian Amazon","4","OV-105","2000-02-11T00:00:00.000Z","2000-02-22T23:59:59.000Z"
"ORNL_CLOUD","LC15_Roughness_Map_1182","1","LBA-ECO LC-15 Aerodynamic Roughness Maps of Vegetation Canopies, Amazon Basin: 2000","3","OV-105, JERS-1, COMPUTERS","2000-02-11T00:00:00.000Z","2000-02-22T23:59:59.000Z"
"ORNL_CLOUD","LC15_SRTM_Topography_1181","1.1","LBA-ECO LC-15 SRTM30 Digital Elevation Model Data, Amazon Basin: 2000","3","SPACE SHUTTLES","2000-02-11T00:00:00.000Z","2000-02-22T23:59:59.000Z"
"LPCLOUD","NASADEM_NC","001","NASADEM Merged DEM Global 1 arc second nc V001","3","OV-105","2000-02-11T00:00:00.000Z","2000-02-21T23:59:59.000Z"
"LPCLOUD","NASADEM_SC","001","NASADEM Slope and Curvation Global 1 arc second V001","3","OV-105","2000-02-11T00:00:00.000Z","2000-02-21T23:59:59.000Z"
"LPCLOUD","NASADEM_SHHP","001","NASADEM SRTM-only Height and Height Precision Mosaic Global 1 arc second V001","3","OV-105","2000-02-11T00:00:00.000Z","2000-02-21T23:59:59.000Z"
"LPCLOUD","NASADEM_SIM","001","NASADEM SRTM Image Mosaic Global 1 arc second V001","3","OV-105","2000-02-11T00:00:00.000Z","2000-02-21T23:59:59.000Z"
"LPCLOUD","NASADEM_SSP","001","NASADEM SRTM Subswath Global 1 arc second V001","3","OV-105","2000-02-11T00:00:00.000Z","2000-02-21T23:59:59.000Z"
"LPCLOUD","SRTMGL1N","003","NASA Shuttle Radar Topography Mission Global 1 arc second number V003","3","STS-99","2000-02-11T00:00:00.000Z","2000-02-21T23:59:59.000Z"
"LPCLOUD","SRTMGL1_NC","003","NASA Shuttle Radar Topography Mission Global 1 arc second NetCDF V003","3","STS-99","2000-02-11T00:00:00.000Z","2000-02-21T23:59:59.000Z"
"LPCLOUD","SRTMGL1_NUMNC","003","NASA Shuttle Radar Topography Mission Global 1 arc second Number NetCDF V003","3","STS-99","2000-02-11T00:00:00.000Z","2000-02-21T23:59:59.000Z"
"LPCLOUD","SRTMGL3N","003","NASA Shuttle Radar Topography Mission Global 3 arc second number V003","3","STS-99","2000-02-11T00:00:00.000Z","2000-02-21T23:59:59.000Z"
"LPCLOUD","SRTMGL3S","003","NASA Shuttle Radar Topography Mission Global 3 arc second sub-sampled V003","3","STS-99","2000-02-11T00:00:00.000Z","2000-02-21T23:59:59.000Z"
"LPCLOUD","SRTMGL3_NC","003","NASA Shuttle Radar Topography Mission Global 3 arc second NetCDF V003","3","STS-99","2000-02-11T00:00:00.000Z","2000-02-21T23:59:59.000Z"
"LPCLOUD","SRTMGL3_NUMNC","003","NASA Shuttle Radar Topography Mission Global 3 arc second Number NetCDF V003","3","STS-99","2000-02-11T00:00:00.000Z","2000-02-21T23:59:59.000Z"
"USGS_LTA","SRTMGLOBAL1N","Not provided","Shuttle Radar Topography Mission 1-arc second Global","Not Provided","STS-99","2000-02-11T00:00:00.000Z","2000-02-22T23:59:59.999Z"
"LPCLOUD","SRTMIMGM","003","NASA Shuttle Radar Topography Mission Combined Image Data Set V003","3","STS-99","2000-02-11T00:00:00.000Z","2000-02-21T23:59:59.000Z"
"LPCLOUD","SRTMIMGR","003","NASA Shuttle Radar Topography Mission Swath Image Data V003","3","STS-99","2000-02-11T00:00:00.000Z","2000-02-21T23:59:59.000Z"
"LPCLOUD","SRTMSWBD","003","NASA Shuttle Radar Topography Mission Water Body Data Shapefiles & Raster Files V003","3","STS-99","2000-02-11T00:00:00.000Z","2000-02-21T23:59:59.000Z"
"LARC_ASDC","CER_ISCCP-D2like-GEO_DAY","Edition3A","CERES GEO Cloud Retrievals in ISCCP-D2like Format Daytime Edition3A","3","GMS-5, GOES-10, GOES-11, GOES-12, GOES-13, METEOSAT-10, METEOSAT-5, METEOSAT-7, METEOSAT-8, METEOSAT-9, MTSAT-1R, MTSAT-2, GOES-14, GOES-15, GOES-8, GOES-9","2000-03-01T00:00:00.000Z","2017-02-28T23:59:59.999Z"
"LARC_ASDC","CER_ISCCP-D2like-Mrg_GEO-MODIS-DAY","Edition3A","CERES MODIS and GEO Cloud Retrievals in ISCCP-D2like Format Daytime Edition3A","3","Aqua, GMS-5, GOES-10, GOES-11, GOES-12, GOES-13, METEOSAT-10, METEOSAT-5, METEOSAT-7, METEOSAT-8, METEOSAT-9, MTSAT-1R, MTSAT-2, GOES-14, GOES-15, GOES-8, GOES-9, Terra","2000-03-01T00:00:00.000Z","2017-02-28T23:59:59.999Z"
"LPCLOUD","GEOLST4KHR","002","Geostationary Earth Orbit Land Surface Temperature Hourly North and South America 4 km V002","2","GOES-8, GOES-10, GOES-11, GOES-12, GOES-13, GOES-14, GOES-15","2000-04-01T00:00:00.000Z","2016-12-29T23:59:59.999Z"
"LARC","ACR3L2DM","1","ACRIM III Level 2 Daily Mean Data V001","2","ACRIMSAT","2000-04-05T00:00:00.000Z","2013-11-09T23:59:59.000Z"
"LARC","ACR3L2SC","1","ACRIM III Level 2 Shutter Cycle Data V001","2","ACRIMSAT","2000-04-05T00:00:00.000Z","2013-11-09T23:59:59.000Z"
"CDDIS","CDDIS_GNSS_products_orbit_ultrarapid","1","CDDIS_GNSS_products_orbit_ultrarapid","2","GLONASS, GPS","2000-09-17T00:00:00.000Z",
"CDDIS","CDDIS_GNSS_products_clocks_rapid","1","CDDIS_GNSS_products_clocks_rapid","2","GLONASS, GPS, GROUND STATIONS","2000-11-05T00:00:00.000Z",
"CDDIS","CDDIS_GNSS_highrate_data","1","CDDIS_GNSS_highrate_data","1","SATELLITES, Galileo, GLONASS, GPS, GROUND STATIONS, QZSS","2001-05-01T00:00:00.000Z",
"ORNL_CLOUD","LC02_MAP_Fire_Indicators_1044","1","LBA-ECO LC-02 Hot Pixel Fire Indicator Data for Tri-national MAP Region: 2003-2006","3","NOAA-12, GOES-12","2003-01-01T00:00:00.000Z","2006-12-31T23:59:59.000Z"
"GES_DISC","SOR3XPS6","012","SORCE XPS Level 3 Solar Spectral Irradiance 6-Hour Means V012 (SOR3XPS6) at GES DISC","3","SORCE","2003-02-10T00:00:00.000Z",
"GES_DISC","SOR3XPSD","012","SORCE XPS Level 3 Solar Spectral Irradiance Daily Means V012 (SOR3XPSD) at GES DISC","3","SORCE","2003-02-10T00:00:00.000Z",
"GES_DISC","SOR3D_COMBINED","001","SORCE Combined XPS, SOLSTICE, and SIM Solar Spectral Irradiance 24-Hour Means V001 (SOR3D_COMBINED_001) at GES DISC","3","SORCE","2003-02-25T00:00:00.000Z","2020-02-25T23:59:59.999Z"
"GES_DISC","SOR3TSI6","019","SORCE Level 3 Total Solar Irradiance 6-Hour Means V019 (SOR3TSI6) at GES DISC","3","SORCE","2003-02-25T00:00:00.000Z","2020-02-25T23:59:59.999Z"
"GES_DISC","SOR3TSID","019","SORCE Level 3 Total Solar Irradiance Daily Means V019 (SOR3TSID) at GES DISC","3","SORCE","2003-02-25T00:00:00.000Z","2020-02-25T23:59:59.999Z"
"GES_DISC","SOR3SOLD_HIGH","018","SORCE SOLSTICE FUV and MUV Level 3 Solar Spectral Irradiance 0.1nm Res 24-Hour Means V018 (SOR3SOLD_HIGH) at GES DISC","3","SORCE","2003-03-05T00:00:00.000Z","2020-02-25T23:59:59.999Z"
"GES_DISC","SOR3SOLD_MGII","018","SORCE SOLSTICE Level 3 MgII Core-to-Wing Ratio 24 Hour Means V018 (SOR3SOLD_MGII_018) at GES DISC","3","SORCE","2003-03-05T00:00:00.000Z","2020-02-25T23:59:59.999Z"
"GES_DISC","SOR3SOLS_MGII","018","SORCE SOLSTICE Level 3 MgII Core-to-Wing Ratio As-Measured Cadence V018 (SOR3SOLS_MGII_018) at GES DISC","3","SORCE","2003-03-05T00:00:00.000Z","2020-02-24T23:59:59.999Z"
"GES_DISC","SOR3SOLS_LA","018","SORCE SOLSTICE Level 3 Lyman-alpha Irradiance As-Measured Cadence V018 (SOR3SOLS_LA_018) at GES DISC","3","SORCE","2003-03-06T00:00:00.000Z","2012-10-30T23:59:59.999Z"
"LARC_ASDC","CER_GEO_Ed4_GOE12_NH","V01","SatCORPS CERES GEO Edition 4 GOES-12 Northern Hemisphere Version 1.0","2","GOES-12","2003-04-01T00:00:00.000Z","2010-04-14T23:59:59.999Z"
"LARC_ASDC","CER_GEO_Ed4_GOE12_SH","V01","SatCORPS CERES GEO Edition 4 GOES-12 Southern Hemisphere Version 1.0","2","GOES-12","2003-04-01T00:00:00.000Z","2010-04-14T23:59:59.999Z"
"GES_DISC","SOR4XPS5","012","SORCE XPS Level 4 Solar Spectral Irradiance 0.1nm Res 5-Minute V012 (SOR4XPS5) at GES DISC","4","SORCE","2003-04-10T00:00:00.000Z","2020-02-24T23:59:59.999Z"
"GES_DISC","SOR4XPSD_HIGH","012","SORCE XPS Level 4 Solar Spectral Irradiance 0.1nm Res 24-Hour Means V012 (SOR4XPSD_HIGH) at GES DISC","4","SORCE","2003-04-10T00:00:00.000Z","2020-02-24T23:59:59.999Z"
"GES_DISC","SOR4XPSD_LOW","012","SORCE XPS Level 4 Solar Spectral Irradiance 1.0nm Res 24-Hour Means V012 (SOR4XPSD_LOW) at GES DISC","4","SORCE","2003-04-10T00:00:00.000Z","2020-02-24T23:59:59.999Z"
"GES_DISC","SOR3SIMD","027","SORCE SIM Level 3 Solar Spectral Irradiance Daily Means V027 (SOR3SIMD) at GES DISC","3","SORCE","2003-04-14T00:00:00.000Z",
"GES_DISC","SOR3SIMD_TAV","002","SORCE SIM Level 3 TSIS-Adjusted Values Solar Spectral Irradiance 24-Hour Means V002 (SOR3SIMD_TAV) at GES DISC","3","SORCE","2003-04-14T00:00:00.000Z","2020-02-25T23:59:59.999Z"
"LARC_ASDC","CER_GEO_Ed4_GOE09_NH","V01","SatCORPS CERES GEO Edition 4 GOES-9 Northern Hemisphere Version 1.0","2","GOES-9","2003-04-23T00:00:00.000Z","2005-07-06T23:59:59.999Z"
"LARC_ASDC","CER_GEO_Ed4_GOE09_SH","V01","SatCORPS CERES GEO Edition 4 GOES-9 Southern Hemisphere Version 1.0","2","GOES-9","2003-04-23T00:00:00.000Z","2005-07-06T23:59:59.999Z"
"GES_DISC","SOR3SOLFUVD","018","SORCE SOLSTICE FUV Level 3 Solar Spectral Irradiance Daily Means V018 (SOR3SOLFUVD) at GES DISC","3","SORCE","2003-05-14T00:00:00.000Z","2020-02-25T23:59:59.999Z"
"GES_DISC","SOR3SOLMUVD","018","SORCE SOLSTICE MUV Level 3 Solar Spectral Irradiance Daily Means V018 (SOR3SOLMUVD) at GES DISC","3","SORCE","2003-05-14T00:00:00.000Z","2020-02-25T23:59:59.999Z"
"LARC_ASDC","INTEXA_SATELLITE","1","INTEX-A Satellite data","2","Terra, ENVISAT, GOES-10, GOES-12, METEOSAT-7","2004-06-20T00:00:00.000Z","2004-08-31T23:59:59.999Z"
"CDDIS","CDDIS_GNSS_products_ionosphere_rapid","1","CDDIS_GNSS_products_ionosphere_rapid","2","GLONASS, GPS, GROUND STATIONS","2004-09-10T00:00:00.000Z",
"ORNL_CLOUD","CMS_CONUS_Biomass_1752","1","Carbon Pools across CONUS using the MaxEnt Model, 2005, 2010, 2015, 2016, and 2017","4","LANDSAT-5, SPACE SHUTTLES, ALOS, FIELD SURVEYS, Aqua, ALOS-2, LANDSAT-8, MODELS","2005-01-01T00:00:00.000Z","2017-12-31T23:59:59.000Z"
"GHRC_DAAC","tcspgoes","1","TCSP GOES VISIBLE AND INFRARED IMAGES V1","1B","GOES-12, GOES-11","2005-07-01T00:15:00.000Z","2005-07-31T23:59:59.000Z"
"GHRC_DAAC","tcspgrsw","1","TCSP GOES 11 RAPID SCAN WINDS V1","2","GOES-11","2005-07-12T16:00:00.000Z","2005-07-31T23:00:00.000Z"
"CDDIS","CDDIS_GNSS_hourly_data","1","Ground-Based Global Navigation Satellite System Data (30-second sampling, 1 hour files) from NASA CDDIS","1","Beidou, Galileo, GLONASS, GPS, GROUND STATIONS, QZSS, IRNSS","2005-10-07T00:00:00.000Z",
"GES_DISC","GPSROZPBLA","2","GPS Radio Occultation Boundary Layer Depth Annual L3 V2 (GPSROZPBLA) at GES DISC","3","TSX, COSMIC/FORMOSAT-3, PAZ, KOMPSAT-5","2006-06-01T00:00:00.000Z","2019-12-31T23:59:59.000Z"
"GES_DISC","GPSROZPBLA","1","GPS Radio Occultation Boundary Layer Depth Annual L3 V1 (GPSROZPBLA) at GES DISC","3","TSX, COSMIC/FORMOSAT-3","2006-06-01T00:00:00.000Z","2015-12-31T23:59:59.000Z"
"GES_DISC","GPSROZPBLS","2","GPS Radio Occultation Boundary Layer Depth Seasonal L3 V2 (GPSROZPBLS) at GES DISC","3","TSX, COSMIC/FORMOSAT-3, PAZ, KOMPSAT-5","2006-06-01T00:00:00.000Z","2019-12-31T23:59:59.000Z"
"GES_DISC","GPSROZPBLS","1","GPS Radio Occultation Boundary Layer Depth Seasonal L3 V1 (GPSROZPBLS) at GES DISC","3","TSX, COSMIC/FORMOSAT-3","2006-06-01T00:00:00.000Z","2015-12-31T23:59:59.000Z"
"LARC_ASDC","CER_GEO_Ed4_GOE11_NH","V01","SatCORPS CERES GEO Edition 4 GOES-11 Northern Hemisphere Version 1.0","2","GOES-11","2006-06-21T00:00:00.000Z","2011-12-06T23:59:59.999Z"
"LARC_ASDC","CER_GEO_Ed4_GOE11_SH","V01","SatCORPS CERES GEO Edition 4 GOES-11 Southern Hemisphere Version 1.0","2","GOES-11","2006-06-21T00:00:00.000Z","2011-12-06T23:59:59.999Z"
"GHRSSTCWIC","gov.noaa.nodc:GHRSST-OSDPD-L2P-GOES11","4.0","GHRSST Level 2P Eastern Pacific Regional Skin Sea Surface Temperature from the Geostationary Operational Environmental Satellites (GOES) Imager on the GOES-11 satellite (GDS version 1)","Not provided","GOES-11, Not provided","2006-12-22T00:00:00.000Z","2011-07-10T00:00:00.000Z"
"GHRSSTCWIC","gov.noaa.nodc:GHRSST-OSDPD-L2P-GOES12","4.0","GHRSST Level 2P West Atlantic Regional Skin Sea Surface Temperature from the Geostationary Operational Environmental Satellites (GOES) Imager on the GOES-12 satellite (GDS version 1)","Not provided","GOES-12, Not provided","2006-12-22T00:00:00.000Z","2010-06-17T00:00:00.000Z"
"LPCLOUD","EMITL4ESM","001","EMIT L4 Earth System Model Products V001","4","ISS","2007-01-01T00:00:00.000Z",
"GHRSSTCWIC","gov.noaa.nodc:GHRSST-EUR-L4HRfnd-GLOB-ODYSSEA","1.0","GHRSST Level 4 ODYSSEA Global Foundation Sea Surface Temperature Analysis (GDS version 1)","Not provided","NOAA-18, ENVISAT, AQUA, NOAA-17, GOES-12, GOES-11, MSG, TRMM, Not provided","2007-10-01T00:00:00.000Z",
"CDDIS","CDDIS_GNSS_products_ionosphere_predicted","1","CDDIS_GNSS_products_ionosphere_predicted","2","GLONASS, GPS, GROUND STATIONS","2008-01-01T00:00:00.000Z",
"CDDIS","CDDIS_GNSS_products_clocks_realtime","1","CDDIS_GNSS_products_clocks_realtime","2","GLONASS, GPS, GROUND STATIONS","2008-10-05T00:00:00.000Z",
"CDDIS","CDDIS_GNSS_products_ionosphere_final","1","CDDIS_GNSS_products_ionosphere_final","2","GLONASS, GPS, GROUND STATIONS","2008-10-05T00:00:00.000Z",
"CDDIS","CDDIS_GNSS_products_orbit_realtime","1","CDDIS_GNSS_products_orbit_realtime","2","GLONASS, GPS","2008-10-05T00:00:00.000Z",
"LARC_ASDC","CER_GEO_Ed4_GOE13_NH","V01","SatCORPS CERES GEO Edition 4 GOES-13 Northern Hemisphere Version 1.0","2","GOES-13","2008-12-15T00:00:00.000Z","2017-02-28T23:59:59.999Z"
"LARC_ASDC","CER_GEO_Ed4_GOE13_SH","V01","SatCORPS CERES GEO Edition 4 GOES-13 Southern Hemisphere Version 1.0","2","GOES-13","2008-12-15T00:00:00.000Z","2017-02-28T23:59:59.999Z"
"CDDIS","CDDIS_GNSS_IGSMGEX_product","1","Global Navigation Satellite System (GNSS) IGS Multi-GNSS Products from NASA CDDIS","2","Beidou, Galileo, GLONASS, GPS, GROUND STATIONS, QZSS, IRNSS, SBAS","2009-02-01T00:00:00.000Z",
"CDDIS","CDDIS_GNSS_IGSRTClock_product","1","Global Navigation Satellite System (GNSS) IGS Clock Combination Product from Real-Time AC Submissions from NASA CDDIS","2","Beidou, Galileo, GLONASS, GPS, GROUND STATIONS, QZSS, IRNSS, SBAS","2009-02-01T00:00:00.000Z",
"CDDIS","CDDIS_GNSS_IGSRTRapidComparisonSummary_product","1","Global Navigation Satellite System (GNSS) Real-Time and Rapid Orbit and Clock Comparison Summary from NASA CDDIS","2","Beidou, Galileo, GLONASS, GPS, GROUND STATIONS, QZSS, IRNSS, SBAS","2009-02-01T00:00:00.000Z",
"CDDIS","CDDIS_GNSS_IGSRTStreamClock_product","1","Global Navigation Satellite System (GNSS) Decoded Real-Time Clock Solution from IGS Real-Time Product Streams from NASA CDDIS","2","Beidou, Galileo, GLONASS, GPS, GROUND STATIONS, QZSS, IRNSS, SBAS","2009-02-01T00:00:00.000Z",
"CDDIS","CDDIS_GNSS_IGSRTStreamOrbit_product","1","Global Navigation Satellite System (GNSS) Decoded Real-Time Orbit Solution from IGS Real-Time Product Streams from NASA CDDIS","2","Beidou, Galileo, GLONASS, GPS, GROUND STATIONS, QZSS, IRNSS, SBAS","2009-02-01T00:00:00.000Z",
"OB_DAAC","HICO_L1","2","ISS Hyperspectral Imager for the Coastal Ocean (HICO) L1 Full-Resolution Calibrated Science Data","1","ISS","2009-09-25T00:00:00.000Z","2014-09-13T23:59:59.000Z"
"CDDIS","CDDIS_SLR_data_hourly_npt","1","Ground-Based Satellite Laser Ranging (SLR) Observation Data (normal points, hourly files) from NASA CDDIS","1","LAGEOS-1, LAGEOS-2, ETALON-1, ETALON-2, GROUND STATIONS, AJISAI, STARLETTE, STELLA, Galileo, GLONASS, Beidou, IRNSS, QZSS, LARES","2010-01-01T00:00:00.000Z",
"POCLOUD","GOES13-OSISAF-L3C-v1.0","1","GHRSST Level 3C sub-skin Sea Surface Temperature from the Geostationary Operational Environmental Satellites (GOES 13) Imager in East position (GDS V2) produced by OSI SAF","3","GOES-13","2010-01-01T14:30:00.000Z","2017-12-14T15:30:01.000Z"
"GHRSSTCWIC","10.7289/v52805n2","1.0","GHRSST Level 2P Western Atlantic Regional Skin Sea Surface Temperature from the Geostationary Operational Environmental Satellites (GOES) Imager on the GOES-13 satellite (GDS versions 1 and 2)","Not provided","GOES-15, Not provided","2010-06-21T00:00:00.000Z","2018-01-08T00:00:00.000Z"
"GHRC_DAAC","gripgoesot","1","GRIP GOES 13 OVERSHOOTING TOP V1","3","GOES-13","2010-08-07T00:55:00.000Z","2010-10-01T14:15:00.000Z"
"GHRC_DAAC","gripgoes11B","1","GRIP GOES 11 VISIBLE AND INFRARED IMAGES V1","3","GOES-11","2010-08-15T00:00:00.000Z","2010-10-01T00:00:59.000Z"
"GHRC_DAAC","gripgoes13B","1","GRIP GOES 13 VISIBLE AND INFRARED IMAGES V1","3","GOES-13","2010-08-15T00:15:00.000Z","2010-09-30T23:59:59.000Z"
"ORNL_CLOUD","ForestHt_Biomass_GEDI_TDX_2298","1","Pantropical Forest Height and Biomass from GEDI and TanDEM-X Data Fusion","4","ISS, G-LiHT, TDX","2011-01-06T00:00:00.000Z","2021-08-18T23:59:59.000Z"
"LARC_ASDC","MACPEX_Satellite_Data","1","MACPEX Satellite Ancillary Data","2","GOES-13","2011-03-18T00:00:00.000Z","2011-04-27T23:59:59.999Z"
"GHRC_DAAC","gpmgoes13mc3eB","1","GPM GROUND VALIDATION GOES 13 VISIBLE AND INFRARED IMAGES MC3E V1","3","GOES-13","2011-05-06T14:45:00.000Z","2011-07-01T00:00:00.000Z"
"ORNL_CLOUD","CMS_Mangrove_Canopy_Ht_Zambezi_1357","1","CMS: Mangrove Canopy Height Estimates from Remote Imagery, Zambezi Delta, Mozambique","3","Airplane, SPACE SHUTTLES, WORLDVIEW-2, TSX","2011-10-14T00:00:00.000Z","2014-05-06T23:59:59.000Z"
"LARC_ASDC","CER_GEO_Ed4_GOE15_NH","V01","SatCORPS CERES GEO Edition 4 GOES-15 Northern Hemisphere Version 1.0","2","GOES-15","2011-12-06T00:00:00.000Z","2017-02-28T23:59:59.999Z"
"LARC_ASDC","CER_GEO_Ed4_GOE15_SH","V01","SatCORPS CERES GEO Edition 4 GOES-15 Southern Hemisphere Version 1.0","2","GOES-15","2011-12-06T00:00:00.000Z","2017-02-28T23:59:59.999Z"
"GHRC_DAAC","gpmgoes13gcpexB","1","GPM GROUND VALIDATION GOES 13 VISIBLE AND INFRARED IMAGES GCPEX V1","3","GOES-13","2012-01-01T00:15:00.000Z","2012-03-14T00:00:00.000Z"
"GHRSSTCWIC","10.7289/v5xg9p6p","1.0","GHRSST Level 2P Central Pacific Regional Skin Sea Surface Temperature from the Geostationary Operational Environmental Satellites (GOES) Imager on the GOES-15 satellite (GDS versions 1 and 2)","Not provided","GOES-15, Not provided","2012-03-08T00:00:00.000Z","2020-03-02T00:00:00.000Z"
"USGS_EROS","ISERV","1","International Space Station SERVIR Environmental Research and Visualization System V1","0","ISS","2013-03-27T00:00:00.000Z",
"GHRC_DAAC","gpmnrlrtifld","1","GPM Ground Validation Naval Research Laboratory (NRL) Near-Real Time Rain Rates IFloodS","4","GOES-15, DMSP 5D-3/F15, DMSP 5D-3/F16","2013-04-23T01:00:00.000Z","2013-06-30T23:59:59.000Z"
"GHRC_DAAC","gpmheifld","1","GPM Ground Validation Hydro-Estimator IFloodS V1","4","GOES-13","2013-04-24T19:30:00.000Z","2013-06-30T23:45:00.000Z"
"POCLOUD","GOES13-OSPO-L2P-v1.0","1.0","GHRSST Level 2P Western Atlantic Regional Skin Sea Surface Temperature from the Geostationary Operational Environmental Satellites (GOES) Imager on the GOES-13 satellite (GDS version 2)","2P","GOES-15","2013-08-01T13:09:00.000Z","2018-01-08T15:29:19.000Z"
"POCLOUD","GOES15-OSPO-L2P-v1.0","1.0","GHRSST Level 2P Central Pacific Regional Skin Sea Surface Temperature from the Geostationary Operational Environmental Satellites (GOES) Imager on the GOES-15 satellite (GDS version 2)","2P","GOES-15","2013-08-01T13:22:00.000Z","2020-03-02T16:00:20.000Z"
"GES_DISC","TCTE3TSI6","004","TCTE Level 3 Total Solar Irradiance 6-Hour Means V004 (TCTE3TSI6) at GES DISC","3","STPSat-3","2013-12-13T00:00:00.000Z","2019-05-15T23:59:59.999Z"
"GES_DISC","TCTE3TSID","004","TCTE Level 3 Total Solar Irradiance Daily Means V004 (TCTE3TSID) at GES DISC","3","STPSat-3","2013-12-13T00:00:00.000Z","2019-05-15T23:59:59.999Z"
"CDDIS","CDDIS_GNSS_IGSIonosphereVTECflux_product","1","Global Navigation Satellite System (GNSS) Ionosphere Vertical Total Electron Content (VTEC) Fluctuation Measurement Product from NASA CDDIS","2","Beidou, Galileo, GLONASS, GPS, GROUND STATIONS, QZSS, IRNSS, SBAS","2014-01-01T00:00:00.000Z",
"GHRC_DAAC","hs3ships","1","Hurricane and Severe Storm Sentinel (HS3) Statistical Hurricane Intensity Prediction Scheme (SHIPS) Intensity V1","4","GOES-15, GROUND STATIONS","2014-03-18T00:00:00.000Z","2014-09-30T18:00:01.000Z"
"GHRC_DAAC","gpmheiphx","1","GPM Ground Validation Hydro-Estimator IPHEx V1","4","GOES-13","2014-05-01T00:00:00.000Z","2014-06-16T23:45:00.000Z"
"GHRC_DAAC","gpmgoes13iphxB","1","GPM Ground Validation GOES 13 Visible and Infrared Images IPHEx V1","1B","GOES-13","2014-05-01T05:45:00.000Z","2014-06-16T23:45:00.000Z"
"POCLOUD","Geo_Polar_Blended-OSPO-L4-GLOB-v1.0","1.0","GHRSST Level 4 OSPO Global Foundation Sea Surface Temperature Analysis (GDS version 2)","4","GOES-16, Himawari-9, GOES-15, Suomi-NPP, METOP-B, METEOSAT-10","2014-06-02T00:00:00.000Z",
"POCLOUD","Geo_Polar_Blended_Night-OSPO-L4-GLOB-v1.0","1.0","GHRSST Level 4 OSPO Global Nighttime Foundation Sea Surface Temperature Analysis (GDS version 2)","4","GOES-16, Himawari-9, GOES-15, Suomi-NPP, METOP-B, METEOSAT-10","2014-06-02T00:00:00.000Z",
"GHRC_DAAC","hs3cimssbt","1","Hurricane and Severe Storm Sentinel (HS3) Cooperative Institute for Meteorological Satellite Studies (CIMSS) Brightness Temperature V1","1B","METEOSAT-10, GOES-15","2014-08-14T00:00:00.000Z","2014-10-03T19:30:00.000Z"
"GHRC_DAAC","hs3cimsstot","1","Hurricane and Severe Storm Sentinel (HS3) Cooperative Institute for Meteorological Satellite Studies (CIMSS) Tropical Overshooting Tops V1","4","METEOSAT-10, GOES-15","2014-08-14T00:00:00.000Z","2014-10-03T19:30:00.000Z"
"GHRC_DAAC","hs3cimsscth","1","Hurricane and Severe Storm Sentinel (HS3) Cooperative Institute for Meteorological Satellite Studies (CIMSS) Cloud Top Height V1","4","GOES-15, METEOSAT-10","2014-08-14T00:21:00.000Z","2014-10-03T19:47:00.000Z"
"POCLOUD","RSCAT_L1B_V2.0","2.0","RapidScat Level 1B Time-Ordered Geo-Located Sigma-0 Version 2.0","1B","ISS","2014-10-03T00:00:00.000Z","2016-08-19T23:59:59.999Z"
"POCLOUD","RSCAT_L2A_12KM_V2.0","2.0","RapidScat Level 2A Surface Flagged Sigma-0 and Attenuations in 12.5km Swath Grid Version 2.0","2","ISS","2014-10-03T00:00:00.000Z","2016-08-19T23:59:59.999Z"
"POCLOUD","RSCAT_L2A_25KM_V2.0","2.0","RapidScat Level 2A Surface Flagged Sigma-0 and Attenuations in 25km Swath Grid Version 2.0","2","ISS","2014-10-03T00:00:00.000Z","2016-08-19T23:59:59.999Z"
"POCLOUD","RSCAT_COLOCATED_RSS_RADIOMETER_LEVEL_2B_V1","1.0","Remote Sensing Systems Radiometer Rain Collocations with JPL RapidScat L2B Swath Grid","2","DMSP 5D-3/F15, CORIOLIS, DMSP 5D-3/F17, GPM, GCOM-W1, DMSP 5D-3/F16, ISS","2014-10-03T19:28:21.000Z","2016-02-11T15:56:16.000Z"
"POCLOUD","RSCAT_LEVEL_2B_OWV_CLIM_12_V1","1.0","RapidScat Level 2B Climate Ocean Wind Vectors in 12.5km Footprints","2","ISS","2014-10-03T19:28:21.000Z","2016-08-19T15:01:26.000Z"
"POCLOUD","RSCAT_LEVEL_2B_OWV_COMP_12_V1.1","1.1","RapidScat Level 2B Ocean Wind Vectors in 12.5km Slice Composites Version 1.1","2","ISS","2014-10-03T19:28:21.000Z","2016-03-10T15:10:44.000Z"
"POCLOUD","RSCAT_LEVEL_2B_OWV_CLIM_12_V2","2.0","RapidScat Level 2B Climate Ocean Wind Vectors in 12.5km Footprints Version 2.0","2","ISS","2014-10-08T03:05:03.000Z","2016-08-19T15:01:26.000Z"
"LARC_ASDC","CATS-ISS_L1B_D-M7.1-V3-00","V3-00","CATS-ISS Level 1B Day Mode 7.1 Version 3-00","1B","ISS","2015-02-10T00:00:00.000Z","2015-03-21T23:59:59.999Z"
"LARC_ASDC","CATS-ISS_L1B_N-M7.1-V3-00","V3-00","CATS-ISS Level 1B Night Mode 7.1 Version 3-00","1B","ISS","2015-02-10T00:00:00.000Z","2015-03-21T23:59:59.999Z"
"LARC_ASDC","CATS-ISS_L2O_D-M7.1-V3-01_05kmLay","V3-01","CATS-ISS Level 2 Operational Day Mode 7.1 Version 3-01 5 km Layer","2","ISS","2015-02-10T00:00:00.000Z","2015-03-21T23:59:59.000Z"
"LARC_ASDC","CATS-ISS_L2O_D-M7.1-V3-01_05kmPro","V3-01","CATS-ISS Level 2 Operational Day Mode 7.1 Version 3-01 5 km Profile","2","ISS","2015-02-10T00:00:00.000Z","2015-03-21T23:59:59.000Z"
"LARC_ASDC","CATS-ISS_L2O_N-M7.1-V3-01_05kmLay","V3-01","CATS-ISS Level 2 Operational Night Mode 7.1 Version 3-01 5 km Layer","2","ISS","2015-02-12T00:00:00.000Z","2015-02-13T23:59:59.999Z"
"LARC_ASDC","CATS-ISS_L2O_N-M7.1-V3-01_05kmPro","V3-01","CATS-ISS Level 2 Operational Night Mode 7.1 Version 3-01 5 km Profile","2","ISS","2015-02-12T00:00:00.000Z","2015-02-13T23:59:59.999Z"
"LARC_ASDC","CATS-ISS_L1B_D-M7.2-V3-00","V3-00","CATS-ISS Level 1B Day Mode 7.2 Version 3-00","1B","ISS","2015-03-25T00:00:00.000Z","2017-10-29T23:59:59.999Z"
"LARC_ASDC","CATS-ISS_L1B_N-M7.2-V3-00","V3-00","CATS-ISS Level 1B Night Mode 7.2 Version 3-00","1B","ISS","2015-03-25T00:00:00.000Z","2017-10-29T23:59:59.999Z"
"LARC_ASDC","CATS-ISS_L2O_D-M7.2-V3-00_05kmLay","V3-00","CATS-ISS Level 2 Operational Day Mode 7.2 Version 3-00 5 km Layer","2","ISS","2015-03-25T00:00:00.000Z","2017-10-29T23:59:59.000Z"
"LARC_ASDC","CATS-ISS_L2O_D-M7.2-V3-00_05kmPro","V3-00","CATS-ISS Level 2 Operational Day Mode 7.2 Version 3-00 5 km Profile","2","ISS","2015-03-25T00:00:00.000Z","2017-10-29T23:59:59.000Z"
"LARC_ASDC","CATS-ISS_L2O_D-M7.2-V3-01_05kmLay","V3-01","CATS-ISS Level 2 Operational Day Mode 7.2 Version 3-01 5 km Layer","2","ISS","2015-03-25T00:00:00.000Z","2017-10-29T23:59:59.000Z"
"LARC_ASDC","CATS-ISS_L2O_D-M7.2-V3-01_05kmPro","V3-01","CATS-ISS Level 2 Operational Day Mode 7.2 Version 3-01 5 km Profile","2","ISS","2015-03-25T00:00:00.000Z","2017-10-29T23:59:59.999Z"
"LARC_ASDC","CATS-ISS_L2O_N-M7.2-V3-00_05kmLay","V3-00","CATS-ISS Level 2 Operational Night Mode 7.2 Version 3-00 5 km Layer","2","ISS","2015-03-25T00:00:00.000Z","2017-10-29T23:59:59.999Z"
"LARC_ASDC","CATS-ISS_L2O_N-M7.2-V3-00_05kmPro","V3-00","CATS-ISS Level 2 Operational Night Mode 7.2 Version 3-00 5 km Profile","2","ISS","2015-03-25T00:00:00.000Z","2017-10-29T23:59:59.999Z"
"LARC_ASDC","CATS-ISS_L2O_N-M7.2-V3-01_05kmLay","V3-01","CATS-ISS Level 2 Operational Night Mode 7.2 Version 3-01 5 km Layer","2","ISS","2015-03-25T00:00:00.000Z","2017-10-29T23:59:59.999Z"
"LARC_ASDC","CATS-ISS_L2O_N-M7.2-V3-01_05kmPro","V3-01","CATS-ISS Level 2 Operational Night Mode 7.2 Version 3-01 5 km Profile","2","ISS","2015-03-25T00:00:00.000Z","2017-10-29T23:59:59.999Z"
"LARC_ASDC","DSCOVR_EPIC_L2_COMPOSITE","01","EPIC-view satellite composites for DSCOVR, Version 1","2","Aqua, GOES, METEOSAT, MTSAT, NOAA POES, DSCOVR, Terra","2015-06-12T14:09:20.000Z","2017-12-31T23:37:03.000Z"
"LARC_ASDC","DSCOVR_EPIC_L1A","3","DSCOVR EPIC Level 1A Version 3","1A","DSCOVR","2015-06-13T00:00:00.000Z",
"LARC_ASDC","DSCOVR_EPIC_L1B","3","DSCOVR EPIC Level 1B Version 3","1B","DSCOVR","2015-06-13T00:00:00.000Z",
"LARC_ASDC","DSCOVR_EPIC_L2_AOCH","01","DSCOVR EPIC Aerosol Optical Centroid Height","2","DSCOVR","2015-06-13T00:00:00.000Z",
"LARC_ASDC","DSCOVR_EPIC_L2_CLOUDFRACTION","01","DSCOVR EPIC Cloud Fraction Image","2","DSCOVR","2015-06-13T00:00:00.000Z",
"LARC_ASDC","DSCOVR_EPIC_L2_GLINT","01","DSCOVR EPIC Level 2 GLINT","2","DSCOVR","2015-06-13T00:00:00.000Z",
"LARC_ASDC","DSCOVR_EPIC_L2_MAIAC","02","DSCOVR EPIC L2 Multi-Angle Implementation of Atmospheric Correction (MAIAC) Version 02","2","DSCOVR","2015-06-13T00:00:00.000Z",
"LARC_ASDC","DSCOVR_EPIC_L2_O3SO2AI","03","DSCOVR EPIC Level 2 O3SO2AI","2","DSCOVR","2015-06-13T00:00:00.000Z",
"LARC_ASDC","DSCOVR_EPIC_L3_PAR","01","DSCOVR EPIC Level 3 PAR","3","DSCOVR","2015-06-13T00:00:00.000Z",
"LARC_ASDC","DSCOVR_EPIC_L3_PAR-IMAGE","01","DSCOVR EPIC Level 3 PAR Image","3","DSCOVR","2015-06-13T00:00:00.000Z",
"LARC_ASDC","DSCOVR_EPIC_L2_COMPOSITE","02","GEO/LEO based cloud property composites for DSCOVR EPIC view, Version 2","2","DSCOVR","2015-06-13T07:53:20.000Z","2021-07-31T23:59:48.000Z"
"LARC_ASDC","DSCOVR_EPIC_L2_CLOUD","03","DSCOVR EPIC Level 2 Cloud Version 03","2","DSCOVR","2015-06-13T11:00:36.000Z",
"LARC_ASDC","DSCOVR_EPIC_L2_O3SO2AI","02","DSCOVR EPIC L2 Ozone (O3), Sulfur Dioxide (SO2) Aerosol Index (AI) with Epic L1B V03 Input, Version 2","2","DSCOVR","2015-06-13T11:00:36.000Z",
"LARC_ASDC","DSCOVR_EPIC_L2_VESDR","02","DSCOVR EPIC Level 2 Vegetation Earth System Data Record (VESDR), Version 2","2","DSCOVR","2015-06-13T11:00:36.000Z",
"LARC_ASDC","DSCOVR_EPIC_L2_CLOUDHEIGHT","01","EPIC Cloud Height","2","DSCOVR","2015-06-15T00:00:00.000Z",
"LARC_ASDC","DSCOVR_EPIC_L2_AER","03","DSCOVR EPIC Level 2 UV Aerosol Version 3","2","DSCOVR","2015-06-16T14:07:37.000Z",
"LARC_ASDC","DSCOVR_EPIC_L2_TO3","03","DSCOVR EPIC Level 2 Total Ozone, Version 3","2","DSCOVR","2015-06-16T14:07:37.000Z",
"LARC_ASDC","DSCOVR_EPIC_L4_TrO3","01","DSCOVR EPIC Level 4 Tropospheric Ozone","4","DSCOVR","2015-06-17T00:00:00.000Z",
"GHRSSTCWIC","gov.noaa.nodc:GHRSST-GOES13-OSISAF-L3C","1","GHRSST Level 3C sub-skin Sea Surface Temperature from the Geostationary Operational Environmental Satellites (GOES 13) Imager in East position produced by OSI SAF (GDS version 2)","Not provided","GOES-13, Not provided","2015-06-29T00:00:00.000Z","2017-12-14T00:00:00.000Z"
"LARC_ASDC","CER_GEO_Ed4_GOE13_NH","V01.2","SatCORPS CERES GEO Edition 4 GOES-13 Northern Hemisphere Version 1.2","2","GOES-13","2015-07-01T00:00:00.000Z","2017-12-31T23:59:59.000Z"
"LARC_ASDC","CER_GEO_Ed4_GOE13_SH","V01.2","SatCORPS CERES GEO Edition 4 GOES-13 Southern Hemisphere Version 1.2","2","GOES-13","2015-07-01T00:00:00.000Z","2017-12-31T23:59:59.000Z"
"LARC_ASDC","CER_GEO_Ed4_GOE15_NH","V01.2","SatCORPS CERES GEO Edition 4 GOES-15 Northern Hemisphere Version 1.2","2","GOES-15","2015-07-01T00:00:00.000Z","2020-03-01T23:59:59.999Z"
"LARC_ASDC","CER_GEO_Ed4_GOE15_SH","V01.2","SatCORPS CERES GEO Edition 4 GOES-15 Southern Hemisphere Version 1.2","2","GOES-15","2015-07-01T00:00:00.000Z","2020-03-01T23:59:59.000Z"
"POCLOUD","RSCAT_LEVEL_2B_OWV_COMP_12_V1.2","1.2","RapidScat Level 2B Ocean Wind Vectors in 12.5km Slice Composites Version 1.2","2","ISS","2015-08-19T03:48:11.000Z","2016-08-19T15:01:26.000Z"
"GHRC_DAAC","gpmgoes15olyxB","1","GPM Ground Validation GOES 15 Visible and Infrared Images OLYMPEX V1","1B","GOES-15","2015-11-05T05:15:00.000Z","2016-05-01T23:45:00.000Z"
"CDDIS","CDDIS_SLR_data_daily_npt","1","Ground-Based Satellite Laser Ranging (SLR) Observation Data (normal points, daily, 24 hour files) from NASA CDDIS","1","LAGEOS-1, LAGEOS-2, ETALON-1, ETALON-2, GROUND STATIONS, AJISAI, STARLETTE, STELLA, Galileo, GLONASS, Beidou, IRNSS, QZSS, LARES","2016-01-01T00:00:00.000Z",
"ORNL_CLOUD","GEDI_Fusion_Structure_2236","1","Gridded GEDI-Fusion Forest Structure Metrics across Six Western US States, 2016-2020","4","COMPUTERS, ISS","2016-01-01T00:00:00.000Z","2020-12-31T23:59:59.000Z"
"LARC_ASDC","DSCOVR_EPIC_L2_SO2","02","DSCOVR EPIC Level 2 Sulfur dioxide (SO2) Product with EPIC Version 3 Input Version 2","2","DSCOVR","2016-01-02T00:00:00.000Z",
"GHRSSTCWIC","10.7289/v5nz85pq","1.0","GHRSST Level 4 OSPO Global Nighttime Foundation Sea Surface Temperature Analysis (GDS version 2)","Not provided","GOES-16, GOES-15, SUOMI-NPP, METOP-B, Himawari, METEOSAT-10, Not provided","2016-02-11T00:00:00.000Z",
"GHRSSTCWIC","10.7289/v5sq8xfh","1.0","GHRSST Level 4 OSPO Global Foundation Sea Surface Temperature Analysis (GDS version 2)","Not provided","GOES-16, GOES-15, SUOMI-NPP, METOP-B, Himawari, METEOSAT-10, Not provided","2016-02-11T00:00:00.000Z",
"POCLOUD","RSCAT_LEVEL_2B_OWV_COMP_12_V1.3","1.3","RapidScat Level 2B Ocean Wind Vectors in 12.5km Slice Composites Version 1.3","2","ISS","2016-02-11T15:56:15.000Z","2016-08-19T15:01:26.000Z"
"LARC_ASDC","DSCOVR_NISTAR_L2_FLX","01","Daytime Earth radiation budget determined from NISTAR and EPIC composites Version 1","2","DSCOVR","2017-01-01T01:00:00.000Z","2017-12-31T22:00:00.000Z"
"LARC_ASDC","DSCOVR_NISTAR_L1A","3","Deep Space Climate Observatory National Institute of Standards and Technology Advanced Radiometer Level 1A Radiance, Version 3","1A","DSCOVR","2017-01-31T00:00:00.000Z",
"LARC_ASDC","DSCOVR_NISTAR_L1B","3","Deep Space Climate Observatory National Institute of Standards and Technology Advanced Radiometer Level 1B Radiance, Version 3","1B","DSCOVR","2017-01-31T00:00:00.000Z",
"LARC_ASDC","DSCOVR_NISTAR_L1B_FILTERED","3","Deep Space Climate Observatory National Institute of Standards and Technology Advanced Radiometer Level 1B Radiance Filtered, Version 3","1B","DSCOVR","2017-02-01T00:00:00.000Z",
"GHRC_DAAC","isslis_v2_fin","2","Quality Controlled Lightning Imaging Sensor (LIS) on International Space Station (ISS) Science Data V2","2","ISS","2017-03-01T00:00:00.000Z","2023-11-16T23:59:59.000Z"
"GHRC_DAAC","isslisg_v2_fin","2","Quality Controlled Lightning Imaging Sensor (LIS) on International Space Station (ISS) Backgrounds V2","1B","ISS","2017-03-01T00:00:00.000Z","2023-11-16T23:59:59.000Z"
"LARC","g3blmnc","53","SAGE III/ISS L2 Monthly Lunar Event Species Profiles (NetCDF) V053","2","ISS","2017-05-30T00:00:00.000Z",
"LARC","g3blmnc","52","SAGE III/ISS L2 Monthly Lunar Event Species Profiles (NetCDF) V052","2","ISS","2017-05-31T00:00:00.000Z","2023-01-31T00:00:00.000Z"
"LARC","g3blsp","53","SAGE III/ISS L2 Lunar Event Species Profiles (HDF5) V053","2","ISS","2017-05-31T00:00:00.000Z",
"LARC","g3blspb","53","SAGE III/ISS L2 Lunar Event Species Profiles (Native) V053","2","ISS","2017-05-31T00:00:00.000Z",
"LARC","g3bsmnc","53","SAGE III/ISS L2 Monthly Solar Event Species Profiles (NetCDF) V053","2","ISS","2017-05-31T00:00:00.000Z",
"LARC","g3bsmnc","52","SAGE III/ISS L2 Monthly Solar Event Species Profiles (NetCDF) V052","2","ISS","2017-05-31T00:00:00.000Z","2023-01-31T00:00:00.000Z"
"LARC","g3btmnc","53","SAGE III/ISS L1B Monthly Solar Event Transmission Data (NetCDF) V053","1B","ISS","2017-05-31T00:00:00.000Z",
"LARC","g3btmnc","52","SAGE III/ISS L1B Monthly Solar Event Transmission Data (NetCDF) V052","1B","ISS","2017-05-31T00:00:00.000Z","2023-01-31T00:00:00.000Z"
"GHRC_DAAC","goescpex","1","GOES CPEX","2","GOES-13","2017-05-31T00:00:00.000Z","2017-06-25T00:00:00.000Z"
"LARC","g3baer","11","SAGE III/ISS L2 Monthly Aerosol Product (NetCDF) V011","2","ISS","2017-06-01T00:00:00.000Z",
"LARC","g3baer","1","SAGE III/ISS L2 Monthly Aerosol Product (NetCDF) V001","2","ISS","2017-06-01T00:00:00.000Z",
"LARC","g3blsp","52","SAGE III/ISS L2 Lunar Event Species Profiles (HDF5) V052","2","ISS","2017-06-01T00:00:00.000Z","2023-01-31T00:00:00.000Z"
"LARC","g3blspb","52","SAGE III/ISS L2 Lunar Event Species Profiles (Native) V052","2","ISS","2017-06-01T00:00:00.000Z","2023-01-31T00:00:00.000Z"
"LARC","g3bssp","53","SAGE III/ISS L2 Solar Event Species Profiles (HDF5) V053","2","ISS","2017-06-07T00:00:00.000Z",
"LARC","g3bssp","52","SAGE III/ISS L2 Solar Event Species Profiles (HDF5) V052","2","ISS","2017-06-07T00:00:00.000Z","2023-01-31T00:00:00.000Z"
"LARC","g3bsspb","53","SAGE III/ISS L2 Solar Event Species Profiles (Native) V053","2","ISS","2017-06-07T00:00:00.000Z",
"LARC","g3bsspb","52","SAGE III/ISS L2 Solar Event Species Profiles (Native) V052","2","ISS","2017-06-07T00:00:00.000Z","2023-01-31T00:00:00.000Z"
"LARC","g3bt","53","SAGE III/ISS L1B Solar Event Transmission Data (HDF5) V053","1B","ISS","2017-06-07T00:00:00.000Z",
"LARC","g3bt","52","SAGE III/ISS L1B Solar Event Transmission Data (HDF5) V052","1B","ISS","2017-06-07T00:00:00.000Z","2023-01-31T00:00:00.000Z"
"LARC","g3btb","53","SAGE III/ISS L1B Solar Event Transmission Data (Native) V053","1B","ISS","2017-06-07T00:00:00.000Z",
"LARC","g3btb","52","SAGE III/ISS L1B Solar Event Transmission Data (Native) V052","1B","ISS","2017-06-07T00:00:00.000Z","2023-01-31T00:00:00.000Z"
"ORNL_CLOUD","ABoVE_LVIS_VegetationStructure_1923","1","ABoVE: LVIS L3 Gridded Vegetation Structure across North America, 2017 and 2019","3","G-V, ISS","2017-06-29T15:17:13.000Z","2019-08-08T00:36:21.000Z"
"GES_DISC","TSIS_TSI_L3_06HR","04","TSIS TIM Level 3 Total Solar Irradiance 6-Hour Means V04 (TSIS_TSI_L3_06HR) at GES DISC","3","TSIS-1","2018-01-11T00:00:00.000Z",
"GES_DISC","TSIS_TSI_L3_24HR","04","TSIS TIM Level 3 Total Solar Irradiance 24-Hour Means V04 (TSIS_TSI_L3_24HR) at GES DISC","3","TSIS-1","2018-01-11T00:00:00.000Z",
"GES_DISC","TSIS_SSI_L3_12HR","12","TSIS SIM Level 3 Solar Spectral Irradiance 12-Hour Means V12 (TSIS_SSI_L3_12HR) at GES DISC","3","TSIS-1","2018-03-14T00:00:00.000Z",
"GES_DISC","TSIS_SSI_L3_24HR","12","TSIS SIM Level 3 Solar Spectral Irradiance 24-Hour Means V12 (TSIS_SSI_L3_24HR) at GES DISC","3","TSIS-1","2018-03-14T00:00:00.000Z",
"LPDAAC_ECS","ECO2LSTE","001","ECOSTRESS Land Surface Temperature and Emissivity Daily L2 Global 70m V001","2","ISS","2018-07-09T00:00:00.000Z",
"LPDAAC_ECS","ECO1BGEO","001","ECOSTRESS Geolocation Daily L1B Global 70m V001","1B","ISS","2018-07-09T00:00:00.000Z",
"LPDAAC_ECS","ECO1BMAPRAD","001","ECOSTRESS Resampled Radiance Daily L1B Global 70m V001","1B","ISS","2018-07-09T00:00:00.000Z",
"LPDAAC_ECS","ECO1BRAD","001","ECOSTRESS At-sensor Calibrated Radiance Daily L1B Global 70m V001","1B","ISS","2018-07-09T00:00:00.000Z",
"LPDAAC_ECS","ECO2CLD","001","ECOSTRESS Cloud Mask Daily L2 Global 70m V001","2","ISS","2018-07-09T00:00:00.000Z",
"LPCLOUD","ECO_L2T_LSTE","002","ECOSTRESS Tiled Land Surface Temperature and Emissivity Instantaneous L2 Global 70 m V002","2","ISS","2018-07-09T00:00:00.000Z",
"LPDAAC_ECS","ECO1BATT","001","ECOSTRESS Attitude Daily L1B Global 70m V001","1B","ISS","2018-07-09T00:00:00.000Z",
"LPCLOUD","ECO_L1B_ATT","002","ECOSTRESS Swath Attitude and Ephemeris Instantaneous L1B Global V002","1B","ISS","2018-07-09T00:00:00.000Z",
"LPCLOUD","ECO_L1B_GEO","002","ECOSTRESS Swath Geolocation Instantaneous L1B Global 70 m V002","1B","ISS","2018-07-09T00:00:00.000Z",
"LPCLOUD","ECO_L1B_RAD","002","ECOSTRESS Swath Top of Atmosphere Calibrated Radiance Instantaneous L1B Global 70 m V002","1B","ISS","2018-07-09T00:00:00.000Z",
"LPCLOUD","ECO_L1CG_RAD","002","ECOSTRESS Gridded Top of Atmosphere Calibrated Radiance Instantaneous L1C Global 70 m V002","1C","ISS","2018-07-09T00:00:00.000Z",
"LPCLOUD","ECO_L1CT_RAD","002","ECOSTRESS Tiled Top of Atmosphere Calibrated Radiance Instantaneous L1C Global 70 m V002","1C","ISS","2018-07-09T00:00:00.000Z",
"LPCLOUD","ECO_L2G_CLOUD","002","ECOSTRESS Gridded Cloud Mask Instantaneous L2 Global 70 m V002","2","ISS","2018-07-09T00:00:00.000Z",
"LPCLOUD","ECO_L2G_LSTE","002","ECOSTRESS Gridded Land Surface Temperature and Emissivity Instantaneous L2 Global 70 m V002","2","ISS","2018-07-09T00:00:00.000Z",
"LPCLOUD","ECO_L2T_STARS","002","ECOSTRESS Tiled Ancillary NDVI and Albedo L2 Global 70 m V002","2","ISS","2018-07-09T00:00:00.000Z",
"LPCLOUD","ECO_L2_CLOUD","002","ECOSTRESS Swath Cloud Mask Instantaneous L2 Global 70 m V002","2","ISS","2018-07-09T00:00:00.000Z",
"LPCLOUD","ECO_L2_LSTE","002","ECOSTRESS Swath Land Surface Temperature and Emissivity Instantaneous L2 Global 70 m V002","2","ISS","2018-07-09T00:00:00.000Z",
"LPCLOUD","ECO_L3G_JET","002","ECOSTRESS Gridded Evapotranspiration Instantaneous and Daytime L3 Global 70 m V002","3","ISS","2018-07-09T00:00:00.000Z",
"LPCLOUD","ECO_L3G_MET","002","ECOSTRESS Gridded Downscaled Meteorology Instantaneous L3 Global 70 m V002","3","ISS","2018-07-09T00:00:00.000Z",
"LPCLOUD","ECO_L3G_SEB","002","ECOSTRESS Gridded Surface Energy Balance Instantaneous L3 Global 70 m V002","3","ISS","2018-07-09T00:00:00.000Z",
"LPCLOUD","ECO_L3G_SM","002","ECOSTRESS Gridded Downscaled Soil Moisture Instantaneous L3 Global 70 m V002","3","ISS","2018-07-09T00:00:00.000Z",
"LPCLOUD","ECO_L3T_JET","002","ECOSTRESS Tiled Evapotranspiration Instantaneous and Daytime L3 Global 70 m V002","3","ISS","2018-07-09T00:00:00.000Z",
"LPCLOUD","ECO_L3T_MET","002","ECOSTRESS Tiled Downscaled Meteorology Instantaneous L3 Global 70 m V002","3","ISS","2018-07-09T00:00:00.000Z",
"LPCLOUD","ECO_L3T_SEB","002","ECOSTRESS Tiled Surface Energy Balance Instantaneous L3 Global 70 m V002","3","ISS","2018-07-09T00:00:00.000Z",
"LPCLOUD","ECO_L3T_SM","002","ECOSTRESS Tiled Downscaled Soil Moisture Instantaneous L3 Global 70 m V002","3","ISS","2018-07-09T00:00:00.000Z",
"LPCLOUD","ECO_L4G_ESI","002","ECOSTRESS Gridded Evaporative Stress Index PT-JPL Instantaneous L4 Global 70 m","4","ISS","2018-07-09T00:00:00.000Z",
"LPCLOUD","ECO_L4G_WUE","002","ECOSTRESS Gridded Water Use Efficiency Instantaneous L4 Global 70 m V002","4","ISS","2018-07-09T00:00:00.000Z",
"LPCLOUD","ECO_L4T_ESI","002","ECOSTRESS Tiled Evaporative Stress Index PT-JPL Instantaneous L4 Global 70 m V002","4","ISS","2018-07-09T00:00:00.000Z",
"LPCLOUD","ECO_L4T_WUE","002","ECOSTRESS Tiled Water Use Efficiency Instantaneous L4 Global 70 m","4","ISS","2018-07-09T00:00:00.000Z",
"LPDAAC_ECS","ECO3ETPTJPL","001","ECOSTRESS Evapotranspiration PT-JPL Daily L3 Global 70m V001","3","ISS","2018-07-15T00:00:00.000Z",
"LPDAAC_ECS","ECO3ETALEXI","001","ECOSTRESS Evapotranspiration dis-ALEXI Daily L3 CONUS 70 m V001","3","ISS","2018-07-15T00:00:00.000Z",
"LPDAAC_ECS","ECO4ESIALEXI","001","ECOSTRESS Evaporative Stress Index dis-ALEXI Daily L4 CONUS 70 m V001","4","ISS","2018-07-15T00:00:00.000Z",
"LPDAAC_ECS","ECO4ESIPTJPL","001","ECOSTRESS Evaporative Stress Index PT-JPL Daily L4 Global 70m V001","4","ISS","2018-07-15T00:00:00.000Z",
"LPDAAC_ECS","ECO4WUE","001","ECOSTRESS Water Use Efficiency Daily L4 Global 70m V001","4","ISS","2018-07-15T00:00:00.000Z",
"LPDAAC_ECS","ECO3ANCQA","001","ECOSTRESS L3/L4 Ancillary data Quality Assurance (QA) flags L3 Global 70m V001","3","ISS","2018-07-15T00:00:00.000Z",
"LPDAAC_ECS","ECO3ETALEXIU","001","ECOSTRESS Evapotranspiration dis-ALEXI USDA Daily L3 Global 30m V001","3","ISS","2018-07-30T00:00:00.000Z",
"LPDAAC_ECS","ECO4ESIALEXIU","001","ECOSTRESS Evaporative Stress Index dis-ALEXI USDA Daily L4 Global 30m V001","4","ISS","2018-07-30T00:00:00.000Z",
"ORNL_CLOUD","CMS_Global_Forest_AGC_2180","1","Global Forest Aboveground Carbon Stocks and Fluxes from GEDI and ICESat-2, 2018-2021","4","ICESat-2, ISS","2018-10-01T00:00:00.000Z","2021-10-01T23:59:59.000Z"
"ORNL_CLOUD","GEDI_ICESAT2_Global_Veg_Height_2294","1","Global Vegetation Height Metrics from GEDI and ICESat2","3","ICESat-2, ISS","2019-01-01T00:00:00.000Z","2022-12-31T23:59:59.000Z"
"LPCLOUD","GEDI02_B","002","GEDI L2B Canopy Cover and Vertical Profile Metrics Data Global Footprint Level V002","2B","ISS","2019-04-04T00:00:00.000Z","2023-03-16T23:59:59.999Z"
"LPCLOUD","GEDI01_B","002","GEDI L1B Geolocated Waveform Data Global Footprint Level V002","1B","ISS","2019-04-04T00:00:00.000Z","2023-03-16T23:59:59.999Z"
"LPCLOUD","GEDI02_A","002","GEDI L2A Elevation and Height Metrics Data Global Footprint Level V002","2A","ISS","2019-04-04T00:00:00.000Z","2023-03-16T23:59:59.999Z"
"ORNL_CLOUD","GEDI_HighQuality_Shots_Rasters_2339","1","Gridded GEDI Vegetation Structure Metrics and Biomass Density at Multiple Resolutions","4","ISS","2019-04-17T00:00:00.000Z","2023-03-16T23:59:59.000Z"
"ORNL_CLOUD","GEDI_L4A_AGB_Density_V2_1_2056","2.1","GEDI L4A Footprint Level Aboveground Biomass Density, Version 2.1","4","COMPUTERS, ISS","2019-04-17T23:00:00.000Z","2023-03-16T21:33:25.000Z"
"ORNL_CLOUD","GEDI_L4C_WSCI_2338","2","GEDI L4C Footprint Level Waveform Structural Complexity Index, Version 2","4","COMPUTERS, ISS","2019-04-17T23:03:08.000Z","2023-03-16T21:33:25.000Z"
"ORNL_CLOUD","GEDI_L3_LandSurface_Metrics_V2_1952","2","GEDI L3 Gridded Land Surface Metrics, Version 2","3","ISS, MODELS","2019-04-18T00:00:00.000Z","2023-03-22T23:59:59.000Z"
"ORNL_CLOUD","GEDI_L4B_Country_Biomass_2321","1","GEDI L4B Country-level Summaries of Aboveground Biomass","4","COMPUTERS, ISS","2019-04-18T00:00:00.000Z","2023-03-16T23:59:59.000Z"
"ORNL_CLOUD","GEDI_L4B_Gridded_Biomass_V2_1_2299","2.1","GEDI L4B Gridded Aboveground Biomass Density, Version 2.1","4","ISS","2019-04-18T00:00:00.000Z","2023-03-16T23:59:59.000Z"
"ORNL_CLOUD","GEDI_L4A_AGB_Density_GW_2028","1.1","GEDI L4A Footprint Level Aboveground Biomass Density, Golden Weeks, Version 1","4","ISS, MODELS","2019-04-18T00:19:00.000Z","2019-09-05T01:18:00.000Z"
"GES_DISC","OCO3_L2_Lite_FP","10.4r","OCO-3 Level 2 bias-corrected XCO2 and other select fields from the full-physics retrieval aggregated as daily files, Retrospective processing v10.4r (OCO3_L2_Lite_FP) at GES DISC","2","ISS","2019-08-06T00:00:00.000Z",
"GES_DISC","OCO3_L2_Lite_SIF","10r","OCO-3 Level 2 bias-corrected solar-induced fluorescence and other select fields from the IMAP-DOAS algorithm aggregated as daily files, Retrospective processing V10r (OCO3_L2_Lite_SIF) at GES DISC","2","ISS","2019-08-06T00:00:00.000Z",
"GES_DISC","OCO3_L1B_Calibration","10r","OCO-3 Level 1B calibrated, geolocated calibration spectra, Retrospective Processing V10r (OCO3_L1B_Calibration) at GES DISC","1B","ISS","2019-08-06T00:00:00.000Z",
"GES_DISC","OCO3_L1B_Science","10r","OCO-3 Level 1B calibrated, geolocated science spectra, Retrospective Processing V10r (OCO3_L1B_Science) at GES DISC","1B","ISS","2019-08-06T00:00:00.000Z",
"GES_DISC","OCO3_L1B_Science","10","OCO-3 Level 1B calibrated, geolocated science spectra, Forward Processing V10 (OCO3_L1B_Science) at GES DISC","1B","ISS","2019-08-06T00:00:00.000Z",
"GES_DISC","OCO3_L2_ABand","10r","OCO-3 Level 2 spatially ordered geolocated retrievals screened using the A-band Preprocessor, Retrospective Processing V10r (OCO3_L2_ABand) at GES DISC","2","ISS","2019-08-06T00:00:00.000Z",
"GES_DISC","OCO3_L2_ABand","10","OCO-3 Level 2 spatially ordered geolocated retrievals screened using the A-band Preprocessor, Forward Processing V10 (OCO3_L2_ABand) at GES DISC","2","ISS","2019-08-06T00:00:00.000Z",
"GES_DISC","OCO3_L2_CO2Prior","10r","OCO-3 Level 2 CO2 prior based on CO2 monthly flask record, global meteorology, and age of air, Retrospective Processing V10r (OCO3_L2_CO2Prior) at GES DISC","2","ISS","2019-08-06T00:00:00.000Z",
"GES_DISC","OCO3_L2_CO2Prior","10","OCO-3 Level 2 CO2 prior based on CO2 monthly flask record, global meteorology, and age of air, Forward Processing V10 (OCO3_L2_CO2Prior) at GES DISC","2","ISS","2019-08-06T00:00:00.000Z",
"GES_DISC","OCO3_L2_Diagnostic","10r","OCO-3 Level 2 geolocated XCO2 retrieval results and algorithm diagnostic information, Retrospective Processing V10r (OCO3_L2_Diagnostic) at GES DISC","2","ISS","2019-08-06T00:00:00.000Z",
"GES_DISC","OCO3_L2_Diagnostic","10","OCO-3 Level 2 geolocated XCO2 retrieval results and algorithm diagnostic information, Forward Processing V10 (OCO3_L2_Diagnostic) at GES DISC","2","ISS","2019-08-06T00:00:00.000Z",
"GES_DISC","OCO3_L2_IMAPDOAS","10r","OCO-3 Level 2 spatially ordered geolocated retrievals screened using the IMAP-DOAS Preprocessor (IDP), Retrospective Processing V10r (OCO3_L2_IMAPDOAS) at GES DISC","2","ISS","2019-08-06T00:00:00.000Z",
"GES_DISC","OCO3_L2_IMAPDOAS","10","OCO-3 Level 2 spatially ordered geolocated retrievals screened using the IMAP-DOAS Preprocessor (IDP), Forward Processing V10 (OCO3_L2_IMAPDOAS) at GES DISC","2","ISS","2019-08-06T00:00:00.000Z",
"GES_DISC","OCO3_L2_Met","10r","OCO-3 Level 2 meteorological parameters interpolated from global assimilation model for each sounding, Retrospective Processing V10r (OCO3_L2_Met) at GES DISC","2","ISS","2019-08-06T00:00:00.000Z",
"GES_DISC","OCO3_L2_Met","10","OCO-3 Level 2 meteorological parameters interpolated from global assimilation model for each sounding, Forward Processing V10 (OCO3_L2_Met) at GES DISC","2","ISS","2019-08-06T00:00:00.000Z",
"GES_DISC","OCO3_L2_Standard","10r","OCO-3 Level 2 geolocated XCO2 retrievals results, physical model, Retrospective Processing V10r (OCO3_L2_Standard) at GES DISC","2","ISS","2019-08-06T00:00:00.000Z",
"GES_DISC","OCO3_L2_Standard","10","OCO-3 Level 2 geolocated XCO2 retrievals results, physical model, Forward Processing V10 (OCO3_L2_Standard) at GES DISC","2","ISS","2019-08-06T00:00:00.000Z",
"GES_DISC","OCO3_L1B_Calibration","10","OCO-3 Level 1B calibrated, geolocated calibration spectra,  V10 (OCO3_L1B_Calibration) at GES DISC","1B","ISS","2019-12-17T00:00:00.000Z",
"LARC_ASDC","DSCOVR_EPIC_L2_AERF","01","DSCOVR EPIC Level 2 EPICAERUV-Fast","2","DSCOVR","2020-09-01T00:00:00.000Z",
"POCLOUD","EWSG1-NAVO-L2P-v01","1.0","GHRSST Level 2P Sea Surface Temperature version 1.0 from the Electro-Optical Infrared Weather System  Geostationary (EWSG1) produced by NAVO","2P","GOES-13","2021-12-06T00:00:00.000Z","2023-11-08T00:00:00.000Z"
"LPCLOUD","EMITL2ARFL","001","EMIT L2A Estimated Surface Reflectance and Uncertainty and Masks 60 m V001","2A","ISS","2022-08-09T00:00:00.000Z",
"LPCLOUD","EMITL1BRAD","001","EMIT L1B At-Sensor Calibrated Radiance and Geolocation Data 60 m V001","1B","ISS","2022-08-09T00:00:00.000Z",
"LPCLOUD","EMITL1BATT","001","EMIT L1B Corrected Spacecraft Attitude and Ephemeris V001","1B","ISS","2022-08-09T00:00:00.000Z",
"LPCLOUD","EMITL2BCH4ENH","001","EMIT L2B Methane Enhancement Data 60 m V001","2B","ISS","2022-08-09T00:00:00.000Z",
"LPCLOUD","EMITL2BCH4PLM","001","EMIT L2B Estimated Methane Plume Complexes 60 m V001","2B","ISS","2022-08-09T00:00:00.000Z",
"LPCLOUD","EMITL2BCO2ENH","001","EMIT L2B Carbon Dioxide Enhancement Data 60 m V001","2B","ISS","2022-08-09T00:00:00.000Z",
"LPCLOUD","EMITL2BCO2PLM","001","EMIT L2B Estimated Carbon Dioxide Plume Complexes 60 m V001","2B","ISS","2022-08-09T00:00:00.000Z",
"LPCLOUD","EMITL2BMIN","001","EMIT L2B Estimated Mineral Identification and Band Depth and Uncertainty 60 m V001","2B","ISS","2022-08-09T00:00:00.000Z",
"LPCLOUD","EMITL3ASA","001","EMIT L3 Aggregated Mineral Spectral Abundance and Uncertainty 0.5 Deg V001","3","ISS","2022-08-10T00:00:00.000Z","2023-07-30T23:59:59.000Z"
