Data Provider,Short Name,Version,Entry Title,Processing Level,Platform,Start Time,End Time
"POCLOUD","REYNOLDS_NCDC_L4_MONTHLY_V5","5","NOAA Smith and Reynolds Extended Reconstructed Sea Surface Temperature (ERSST) Level 4 Monthly Version 5 Dataset in netCDF","4","NCEP GTS, SHIPS","1854-01-01T00:00:00.000Z",
"GES_DISC","RAIN_LEGATES","1","Legates Surface and Ship Observations of Precipitation Climatology 0.5 x 0.5 degree V1 (RAIN_LEGATES) at GES DISC","3","METEOROLOGICAL STATIONS, Ships","1920-01-01T00:00:00.000Z","1980-12-31T23:59:59.999Z"
"GES_DISC","RAIN_JAEGER","1","Jaeger Monthly Mean Global Precipitation Climatology 2.5 x 5.0 degree V1 (RAIN_JEAGER) at GES DISC","3","WEATHER STATIONS, Ships","1931-01-01T00:00:00.000Z","1965-12-31T23:59:59.999Z"
"POCLOUD","HOMAGE_STERIC_OHC_TIME_SERIES_v01","1.0","HOMAGE Monthly Time series of global average steric height anomalies and ocean heat content estimates from gridded in-situ ocean observations version 01","4","Argo-Float, GRACE, GRACE-FO","1978-01-15T00:00:00.000Z",
"POCLOUD","AVHRR_OI-NCEI-L4-GLOB-v2.0","2.0","GHRSST Level 4 AVHRR_OI Global Blended Sea Surface Temperature Analysis (GDS version 2) from NCEI","4","NOAA-11, NOAA-14, NOAA-9, NOAA-16, NOAA-17, NOAA-19, BUOYS, NOAA-7","1981-09-01T00:00:00.000Z","2020-04-05T00:00:00.000Z"
"POCLOUD","OSTIA-UKMO-L4-GLOB-REP-v2.0","2.0","GHRSST Level 4 OSTIA Global Historical Reprocessed Foundation Sea Surface Temperature Analysis produced by the UK Meteorological Office","4","GOES-16, METEOSAT-9, BUOYS, METOP-A, Sentinel-3A, GCOM-W1, ENVISAT, GOES-13, METOP-B, NOAA-19, GPM, TRMM, NOAA-18, NOAA-17, NOAA-16, NOAA-15, NOAA-14, NOAA-12, NOAA-11, NOAA-10, NOAA-9, NOAA-8, NOAA-7, NOAA-6, Sentinel-3B","1982-01-01T00:00:00.000Z",
"POCLOUD","CMC0.2deg-CMC-L4-GLOB-v2.0","2.0","GHRSST Level 4 CMC0.2deg Global Foundation Sea Surface Temperature Analysis (GDS version 2)","4","TRMM, CORIOLIS, NOAA-16, NOAA-17, Aqua, NOAA-19, ERS-1, ERS-2, NOAA-20, BUOYS, METOP-A, ENVISAT","1991-09-01T00:00:00.000Z","2017-03-18T00:00:00.000Z"
"LARC_ASDC","FIRE_AX_MAGE_OCN_MET","1","First ISCCP Regional Experiment (FIRE) Atlantic Stratocumulus Transition Experiment (ASTEX) MAGE Oceanus Meteorological Data","2","Ships","1992-05-26T00:00:00.000Z","1992-06-23T23:59:59.999Z"
"LARC_ASDC","FIRE_AX_SOF_SUR_MET","1","First ISCCP Regional Experiment (FIRE) Atlantic Stratocumulus Transition Experiment (ASTEX) SOFIA Le Suroit Meteorological Data","2","Ships","1992-05-27T00:00:00.000Z","1992-06-23T23:59:59.999Z"
"LARC_ASDC","FIRE_AX_VALDIV_SONDE","1","First ISCCP Regional Experiment (FIRE) Atlantic Stratocumulus Transition Experiment (ASTEX) Valdivia Radiosonde Data","2","Ships","1992-05-28T00:00:00.000Z","1992-06-22T23:59:59.999Z"
"LARC_ASDC","FIRE_AX_SOF_SUR_BUCK","1","First ISCCP Regional Experiment (FIRE) Atlantic Stratocumulus Transition Experiment (ASTEX) SOFIA Le Suroit Bucket Data","2","Ships","1992-05-29T00:00:00.000Z","1992-06-19T23:59:59.999Z"
"LARC_ASDC","FIRE_AX_SOF_BUOY_DFT","1","First ISCCP Regional Experiment (FIRE) Atlantic Stratocumulus Transition Experiment (ASTEX) SOFIA Drifting Buoy Data","2","BUOYS","1992-05-30T00:00:00.000Z","1992-06-30T23:59:59.999Z"
"LARC_ASDC","FIRE_AX_MAGE_OCN_SEA","1","First ISCCP Regional Experiment (FIRE) Atlantic Stratocumulus Transition Experiment (ASTEX) MAGE Oceanus Sulfur in the Ocean Data","2","Ships","1992-05-31T00:00:00.000Z","1992-06-20T23:59:59.999Z"
"LARC_ASDC","FIRE_AX_PSU_CEIL_MAL","1","First ISCCP Regional Experiment (FIRE) Atlantic Stratocumulus Transition Experiment (ASTEX) PSU Malcolm Baldridge Ceilometer Data","2","Ships","1992-06-01T00:00:00.000Z","1992-06-28T23:59:59.999Z"
"LARC_ASDC","FIRE_AX_SOF_BUOY_SPR","1","First ISCCP Regional Experiment (FIRE) Atlantic Stratocumulus Transition Experiment (ASTEX) SOFIA Spear Buoy Data","2","BUOYS","1992-06-01T00:00:00.000Z","1992-06-30T23:59:59.999Z"
"LARC_ASDC","FIRE_AX_SUROIT_SONDE","1","First ISCCP Regional Experiment (FIRE) Atlantic Stratocumulus Transition Experiment (ASTEX) Le Suroit Radiosonde Data","2","Ships","1992-06-01T00:00:00.000Z","1992-06-20T23:59:59.999Z"
"LARC_ASDC","FIRE_AX_SOF_SUR_DRAK","1","First ISCCP Regional Experiment (FIRE) Atlantic Stratocumulus Transition Experiment (ASTEX) SOFIA Le Suroit Microwave Data","2","Ships","1992-06-02T00:00:00.000Z","1992-06-19T23:59:59.999Z"
"LARC_ASDC","FIRE_AX_SOF_SUR_HYD","1","First ISCCP Regional Experiment (FIRE) Atlantic Stratocumulus Transition Experiment (ASTEX) SOFIA Le Suroit Hydrophone Data","2","BUOYS","1992-06-02T00:00:00.000Z","1992-06-19T23:59:59.999Z"
"LARC_ASDC","FIRE_AX_SOF_SUR_RAD","1","First ISCCP Regional Experiment (FIRE) Atlantic Stratocumulus Transition Experiment (ASTEX) SOFIA Le Suroit Radiation Pressure Data","2","Ships","1992-06-02T00:00:00.000Z","1992-06-19T23:59:59.999Z"
"LARC_ASDC","FIRE_AX_MAGE_OCN_AIR","1","First ISCCP Regional Experiment (FIRE) Atlantic Stratocumulus Transition Experiment (ASTEX) MAGE Oceanus Sulfur in the Air Data","2","Ships","1992-06-03T00:00:00.000Z","1992-06-18T23:59:59.999Z"
"LARC_ASDC","FIRE_AX_OCEANS_SONDE","1","First ISCCP Regional Experiment (FIRE) Atlantic Stratocumulus Transition Experiment (ASTEX) Oceanus Radiosonde Data","2","Ships","1992-06-03T00:00:00.000Z","1992-06-23T23:59:59.999Z"
"LARC_ASDC","FIRE_AX_PSU_CEIL_VAL","1","First ISCCP Regional Experiment (FIRE) Atlantic Stratocumulus Transition Experiment (ASTEX) PSU Valdivia Ceilometer Data","2","Ships","1992-06-05T00:00:00.000Z","1992-06-25T23:59:59.999Z"
"LARC_ASDC","FIRE_AX_PSU_MALBAL","1","First ISCCP Regional Experiment (FIRE) Atlantic Stratocumulus Transition Experiment (ASTEX) PSU Malcolm Baldridge Data","2","Ships","1992-06-06T00:00:00.000Z","1992-06-28T23:59:59.999Z"
"LARC_ASDC","FIRE_AX_MALBAL_SONDE","1","First ISCCP Regional Experiment (FIRE) Atlantic Stratocumulus Transition Experiment (ASTEX) Malcolm Baldridge Radiosonde Data","2","Ships","1992-06-07T00:00:00.000Z","1992-06-28T23:59:59.999Z"
"LARC_ASDC","FIRE_AX_SOF_SUR_TBAL","1","First ISCCP Regional Experiment (FIRE) Atlantic Stratocumulus Transition Experiment (ASTEX) SOFIA Le Suroit Tethered Balloon Data","2","Ships, BALLOONS","1992-06-11T00:00:00.000Z","1992-06-19T23:59:59.999Z"
"LARC_ASDC","FIRE_AX_PSU_WND_MAL","1","First ISCCP Regional Experiment (FIRE) Atlantic Stratocumulus Transition Experiment (ASTEX) PSU Malcolm Baldridge Wind Profiler Data","2","Ships","1992-06-12T00:00:00.000Z","1992-06-28T23:59:59.999Z"
"LARC_ASDC","FIRE_ACE_SHIP_SSFR","1","First ISCCP Regional Experiment (FIRE) Arctic Cloud Experiment (ACE) Solar Spectral Flux Radiometer (SSFR)","2","Ships","1998-05-15T00:00:00.000Z","1998-06-23T23:59:59.999Z"
"LARC_ASDC","CLAMS_CERES_CHESLIGHT_SONDE","1","CLAMS Chesapeake Lighthouse Vaisala RS-80 Radiosonde","1B","OCEAN PLATFORMS","2001-07-10T00:00:00.000Z","2001-08-02T23:59:59.999Z"
"POCLOUD","MUR-JPL-L4-GLOB-v4.1","4.1","GHRSST Level 4 MUR Global Foundation Sea Surface Temperature Analysis (v4.1)","4","Aqua, CORIOLIS, Terra, NOAA-19, GCOM-W1, BUOYS","2002-05-31T21:00:00.000Z",
"POCLOUD","MUR25-JPL-L4-GLOB-v04.2","4.2","GHRSST Level 4 MUR 0.25deg Global Foundation Sea Surface Temperature Analysis (v4.2)","4","Aqua, CORIOLIS, Terra, NOAA-19, BUOYS, GCOM-W1","2002-08-31T21:00:00.000Z",
"ORNL_CLOUD","CMS_SABGOM_Model_Simulations_1510","1","CMS: Simulated Physical-Biogeochemical Data, SABGOM Model, Gulf of Mexico, 2005-2010","4","COMPUTERS, SHIPS","2005-01-01T00:00:00.000Z","2010-12-31T23:59:59.000Z"
"ORNL_CLOUD","AVIRIS_FlightLine_Locator_2140","1.0","AVIRIS Facility Instruments: Flight Line Geospatial and Contextual Data","2","B-200, NOAA Twin Otter, NASA ER-2, DHC-6, PROTEUS, NASA WB-57F","2006-04-11T00:00:00.000Z","2022-11-03T23:59:59.000Z"
"POCLOUD","RAMSSA_09km-ABOM-L4-AUS-v01","1.0","GHRSST Level 4 RAMSSA_9km Australian Regional Foundation Sea Surface Temperature Analysis v1.0 dataset (GDS2)","4","BUOYS, Suomi-NPP, NOAA-20, GCOM-W1, METOP-A, METOP-B, NCEP GTS, Ships","2006-06-12T00:00:00.000Z",
"POCLOUD","OSTIA-UKMO-L4-GLOB-v2.0","2.0","GHRSST Level 4 OSTIA Global Foundation Sea Surface Temperature Analysis (GDS version 2)","4","GOES-16, TRMM, METEOSAT-9, NOAA-20, BUOYS, METOP-A","2006-12-31T00:00:00.000Z",
"POCLOUD","GAMSSA_28km-ABOM-L4-GLOB-v01","1.0","GHRSST Level 4 GAMSSA_28km Global Foundation Sea Surface Temperature Analysis v1.0 dataset (GDS2)","4","BUOYS, Suomi-NPP, GCOM-W1, METOP-A, NOAA-20, METOP-B","2008-07-23T00:00:00.000Z",
"GES_DISC","BGC_glider_GNATS","1","Ocean Biogeochemistry from Gliders as part of the Gulf of Maine North Atlantic Time Series","3","SEAGLIDER","2008-08-04T14:36:15.000Z","2021-09-16T12:27:37.000Z"
"GHRC_DAAC","gpmmrrlpvex","1","GPM Ground Validation Micro Rain Radar (MRR) LPVEx V1","2","R/V ARANDA, GROUND STATIONS","2010-05-19T10:39:03.000Z","2011-03-30T23:59:58.000Z"
"GHRC_DAAC","gpmodmlpvex","1","GPM Ground Validation Optical Disdrometer (ODM) LPVEx","3","R/V ARANDA","2010-09-15T00:01:22.000Z","2010-09-26T10:11:20.000Z"
"LARC_ASDC","DISCOVERAQ_Maryland_Ship_NOAA-DelawareII_Data","1","DISCOVER-AQ Maryland Deployment NOAA Delaware II Ship Data","2","NOAA Delaware II","2011-06-30T00:00:00.000Z","2011-07-22T23:59:59.999Z"
"POCLOUD","SPURS1_SEAGLIDER","1.0","Seaglider CTD data for the SPURS-1 N. Atlantic field campaign","2","Seaglider","2012-09-13T00:00:00.000Z","2013-08-24T00:00:00.000Z"
"POCLOUD","SPURS1_SEASOAR","1.0","Seasoar CTD data for the SPURS-1 N. Atlantic field campaign","2","Seasoar","2013-03-22T00:00:00.000Z","2013-04-08T00:00:00.000Z"
"LARC_ASDC","NAAMES_Misc_Ship_Data","1","NAAMES R/V Atlantis Miscellaneous Data, Version 1","2","R/V Atlantis","2015-01-01T00:00:00.000Z","2018-09-24T23:59:59.999Z"
"LARC_ASDC","KORUSAQ_Pandora_Data","1","KORUS-AQ Pandora Column Observations","2","R/V ONNURI, GROUND STATIONS","2015-04-30T00:00:00.000Z","2016-10-18T23:59:59.999Z"
"LARC_ASDC","NAAMES_MetNav_ShipInSitu_Data","1","NAAMES R/V Atlantis Navigational and Meteorological In Situ Data, Version 1","2","R/V Atlantis","2015-11-05T00:00:00.000Z","2018-04-12T23:59:59.999Z"
"LARC_ASDC","NAAMES_Aerosol_ShipInSitu_Data","1","NAAMES R/V Atlantis Aerosol In Situ Data, Version 1","2","R/V Atlantis","2015-11-06T00:00:00.000Z","2018-04-13T23:59:59.999Z"
"LARC_ASDC","NAAMES_TraceGas_ShipInSitu_Data","1","NAAMES R/V Atlantis Trace Gas In Situ Data, Version 1","2","R/V Atlantis","2015-11-06T00:00:00.000Z","2018-04-12T23:59:59.999Z"
"POCLOUD","CMC0.1deg-CMC-L4-GLOB-v3.0","3.0","GHRSST Level 4 CMC0.1deg Global Foundation Sea Surface Temperature Analysis (GDS version 2)","4","NOAA-19, NOAA-20, MOORINGS, Suomi-NPP, GCOM-W1, METOP-A, METOP-B","2016-01-01T00:00:00.000Z",
"LARC_ASDC","KORUSAQ_RVOnnuriShip_Data","1","KORUS-AQ Research Vessel (R/V) Onnuri Ship Data","2","R/V ONNURI","2016-05-16T00:00:00.000Z","2016-06-05T23:59:59.999Z"
"LARC_ASDC","KORUSAQ_RVJangMokShip_Data","1","KORUS-AQ Research Vessel (R/V) JangMok Ship Data","2","R/V JangMok","2016-05-18T00:00:00.000Z","2016-06-08T23:59:59.999Z"
"POCLOUD","SPURS2_DISDR","1.0","SPURS-2 shipboard disdrometer data for the E. Tropical Pacific field campaign","2","Ships","2016-08-11T00:00:00.000Z","2017-11-17T00:00:00.000Z"
"POCLOUD","SPURS2_SEAGLIDER","1.0","SPURS-2 Seaglider data for the E. Tropical Pacific field campaign","2","Seaglider","2016-08-24T16:18:24.000Z","2017-11-07T00:03:55.000Z"
"POCLOUD","SPURS2_SSP","1.0","SPURS-2 Towed surface salinity profile (SSP) data for the E. Tropical Pacific R/V Revelle cruises","2","Seaglider","2016-08-27T07:52:23.000Z","2017-11-11T07:35:01.000Z"
"POCLOUD","SPURS2_XBAND_IMG","1.0","SPURS-2 shipboard X-band radar backscatter images for the 2016 E. Tropical Pacific field campaign","0","Ships","2016-08-31T00:00:00.000Z","2016-09-22T00:00:00.000Z"
"ORNL_CLOUD","PreDeltaX_Insitu_Reflectance_1804","1","Pre-Delta-X: Spectral Reflectance of Water Surface, Atchafalaya Basin, LA, USA, 2016","3","ZODIACS","2016-10-14T00:00:00.000Z","2016-10-21T23:59:59.000Z"
"LARC_ASDC","LMOS_TraceGas_ShipInSitu_Data","1","LMOS NOAA Research Vessel In-Situ Ozone Data","2","Ships","2017-06-02T00:00:00.000Z","2017-06-20T23:59:59.999Z"
"POCLOUD","SPURS2_SAILDRONE","1.0","SPURS-2 Saildrone data for the E. Tropical Pacific field campaign","2","Saildrone","2017-10-16T00:00:00.000Z","2017-11-17T00:00:00.000Z"
"POCLOUD","SPURS2_XBAND","1.0","SPURS-2 shipboard X-band radar backscatter data for the E. Tropical Pacific field campaign","2","Ships","2017-10-21T00:00:00.000Z","2017-11-13T15:46:00.000Z"
"POCLOUD","SAILDRONE_BAJA_SURFACE","1.0","Saildrone Baja field campaign surface and ADCP measurements","2","Saildrone","2018-04-11T18:00:00.000Z","2018-06-11T20:17:26.000Z"
"LARC_ASDC","OWLETS2_Ship_Data","1","OWLETS-2 SERC Research Vessel Data","2","R/V SERC","2018-06-29T00:00:00.000Z","2018-07-02T23:59:59.999Z"
"OB_DAAC","SUPERYACHT_SCIENCE","0","Processing and Distribution of Hyperspectral Radiometer Data from Ships of Opportunity for Monitoring Phytoplankton in the Ocean","2","Water-based Platforms, In Situ Ocean-based Platforms, Ocean Platforms","2018-07-06T00:00:01.000Z","2024-12-31T23:59:59.000Z"
"POCLOUD","OMG_NARWHALS_MOORING_TEMP_CTD_1.0","1.0","OMG Narwhals oceanographic data from moorings, 2018-2020","3","MOORINGS","2018-08-01T00:00:00.000Z","2020-08-31T00:00:00.000Z"
"POCLOUD","OMG_NARWHALS_SHIPBOARD_CTD_1.0","1.0","OMG Narwhals Shipboard Conductivity, Temperature, and Depth (CTD) profiles, 2018-2020","3","MOORINGS","2018-08-01T00:00:00.000Z","2020-08-31T00:00:00.000Z"
"LARC_ASDC","PISTON-ONR-NOAA_RVMirai_2018","1","PISTON 2018 Research Vessel (RV) Mirai Ship Data","2","R/V Mirai","2018-08-13T00:00:00.000Z","2018-09-02T23:59:59.999Z"
"LARC_ASDC","PISTON-ONR-NOAA_RVThompson_2018","1","PISTON 2018 Research Vessel (RV) Thompson ship datasets of ocean, atmosphere, and air-sea interaction","2","R/V Thompson","2018-08-18T00:00:00.000Z","2018-10-13T23:59:59.999Z"
"LARC_ASDC","PISTON-ONR-NOAA-Autonomous-Uncrewed_2018-2019","1","PISTON 2018-2019 Autonomous Platform Ocean Datasets","2","MOORINGS, OCEAN PLATFORMS","2018-08-23T00:00:00.000Z","2018-11-09T23:59:59.999Z"
"LARC_ASDC","SCOAPE_RVPointSur_Data","1","SCOAPE R/V Point Sur Data","2","R/V Point Sur","2019-05-09T00:00:00.000Z","2019-05-19T23:59:59.999Z"
"POCLOUD","SAILDRONE_ARCTIC","1.0","Saildrone Arctic field campaign surface and ADCP measurements for NOPP-MISST project","2","Saildrone","2019-05-14T18:00:00.000Z","2019-10-11T18:30:01.000Z"
"LARC_ASDC","PISTON-ONR-NOAA_RVSallyRide_2019","1","PISTON 2019 Research Vessel (RV) Sally Ride Data","2","R/V Sally Ride","2019-08-31T00:00:00.000Z","2019-09-26T23:59:59.999Z"
"POCLOUD","SWOT_PRELAUNCH_L2_BPR_V1","1.0","SWOT 2019-2020 Prelaunch Oceanography Field Campaign NOAA Bottom Pressure Recorders (BPR)","2","MOORINGS","2019-09-04T00:00:00.000Z","2020-01-19T23:59:59.999Z"
"POCLOUD","SWOT_PRELAUNCH_L2_WHOICTD_V1","1.0","SWOT 2019-2020 Prelaunch Oceanography Field Campaign WHOI/NOAA Moored Fixed-Depth CTDs","2","MOORINGS","2019-09-04T00:00:00.000Z","2020-01-19T23:59:59.999Z"
"POCLOUD","SWOT_PRELAUNCH_L2_GLIDER_V1","1.0","SWOT 2019-2020 Prelaunch Oceanography Field Campaign Rutgers Slocum Gliders","2","SEAGLIDER","2019-09-05T00:00:00.000Z","2019-12-28T23:59:59.999Z"
"POCLOUD","SWOT_PRELAUNCH_L2_GPS_V1","1.0","SWOT 2019-2020 Prelaunch Oceanography Field Campaign JPL Global Positioning Systems (GPS)","2","BUOYS","2019-09-05T00:00:00.000Z","2020-01-19T23:59:59.999Z"
"POCLOUD","SWOT_PRELAUNCH_L2_PRAWLER_V1","1.0","SWOT 2019-2020 Prelaunch Oceanography Field Campaign NOAA Prawlers","2","MOORINGS","2019-09-05T00:00:00.000Z","2020-01-06T23:59:59.999Z"
"POCLOUD","SWOT_PRELAUNCH_L2_SIOCTD_V1","1.0","SWOT 2019-2020 Prelaunch Oceanography Field Campaign SIO Moored Fixed-Depth CTDs","2","MOORINGS","2019-09-05T00:00:00.000Z","2020-01-18T23:59:59.999Z"
"POCLOUD","SWOT_PRELAUNCH_L2_WW_V1","1.0","SWOT 2019-2020 Prelaunch Oceanography Field Campaign SIO Mooring WireWalker (WW)","2","MOORINGS","2019-09-05T00:00:00.000Z","2019-12-03T23:59:59.999Z"
"POCLOUD","SWOT_PRELAUNCH_L2_PIES_V1","1.0","SWOT 2019-2020 Prelaunch Oceanography Field Campaign SIO Pressure-sensing Inverted Echo Sounder (PIES)","2","MOORINGS","2019-09-06T00:00:00.000Z","2020-01-18T23:59:59.999Z"
"POCLOUD","SEAGLIDER_GUAM_2019","V1","Adaptive Sampling of Rain and Ocean Salinity from Autonomous Seagliders (Guam 2019-2020)","3","SEAGLIDER","2019-10-03T00:00:00.000Z","2020-01-15T02:00:00.000Z"
"POCLOUD","SAILDRONE_ATOMIC","1.0","Saildrone field campaign surface and ADCP measurements for the Atlantic Tradewind Ocean-Atmosphere Mesoscale Interaction Campaign (ATOMIC) project","2","Saildrone","2020-01-17T00:00:00.000Z","2020-03-02T23:59:59.000Z"
"POCLOUD","SAILDRONE_ARCTIC_2021","1","Saildrone 2021 Arctic field campaign for the Multi-Sensor Improved SST (MISST) project","2","Saildrone","2021-07-06T00:00:00.000Z","2021-10-21T00:00:00.000Z"
"POCLOUD","SMODE_L2_SHIPBOARD_CTD_V1","1","S-MODE L2 Shipboard Conductivity, Temperature, and Depth Measurements Version 1","2","Ships","2021-08-01T00:00:00.000Z","2023-05-05T00:00:00.000Z"
"POCLOUD","SMODE_L2_SHIPBOARD_RADIOMETER_METEOROLOGY_V1","1","S-MODE Shipboard Radiometer Measurements Version 1","2","Ships","2021-08-01T00:00:00.000Z",
"POCLOUD","SMODE_L2_SHIPBOARD_TSG_V1","1","S-MODE L2 Shipboard Thermosalinograph, Meteorology, and Bio-optics Measurements Version 1","2","Ships","2021-08-01T00:00:00.000Z","2023-05-04T00:00:00.000Z"
"POCLOUD","SMODE_L2_SHIPBOARD_UCTD_ECOCTD_V1","1","S-MODE Shipboard uCTD and EcoCTD Measurements Version 1","2","Ships","2021-08-01T00:00:00.000Z","2023-05-31T00:00:00.000Z"
"POCLOUD","SMODE_L2_SLOCUM_GLIDERS_V1","1","S-MODE Temperature and Salinity from Slocum Gliders Version 1","2","AUVS","2021-08-01T00:00:00.000Z","2023-05-31T00:00:00.000Z"
"POCLOUD","SMODE_L3_SHIPBOARD_UCTD_ECOCTD_V1","1","S-MODE Level 3 Shipboard uCTD and EcoCTD Measurements Version 1","3","Ships","2021-08-01T00:00:00.000Z","2021-11-30T00:00:00.000Z"
"POCLOUD","SMODE_L2_SAILDRONES_V1","1","S-MODE L2 Temperature and Salinity from Saildrones Version 1","2","Saildrone","2021-09-01T00:00:00.000Z","2022-10-31T00:00:00.000Z"
"POCLOUD","SMODE_L1_SAILDRONES_V1","1","S-MODE Saildrone Level 1 Observations","1","Saildrone","2021-10-01T00:00:00.000Z","2022-11-30T00:00:00.000Z"
"POCLOUD","SMODE_L2_SHIPBOARD_ADCP_V1","1","S-MODE L2 Shipboard Acoustic Doppler Current Profiler Measurements Version 1","2","Ships","2021-10-19T00:00:00.000Z","2023-05-06T00:00:00.000Z"
"POCLOUD","SMODE_L2_DRIFTER_POSITIONS_V1","1","S-MODE L2 Position Data from Surface Drifters Version 1","2","BUOYS","2021-10-21T00:00:00.000Z","2023-05-31T00:00:00.000Z"
"POCLOUD","SMODE_L2_SHIPBOARD_RADIOSONDES_METEOROLOGY_V1","1","S-MODE L2 Shipboard Meteorological Data from Rawinsondes Version 1","2","Ships","2021-10-21T00:00:00.000Z","2023-05-31T00:00:00.000Z"
"POCLOUD","SMODE_L2_SHIPBOARD_BOTTLES_V1","1","S-MODE L2 Shipboard Bottle Data Version 1","2","Ships","2021-10-22T00:00:00.000Z","2023-05-02T00:00:00.000Z"
"POCLOUD","SMODE_L2_SHIPBOARD_SUNA_V1","1","S-MODE L2 Shipboard SUNA nitrate data Version 1","2","Ships","2021-10-22T00:00:00.000Z","2021-10-23T00:00:00.000Z"
"POCLOUD","SMODE_L2_WAVEGLIDERS_TEMP_SALINITY_V1","1","S-MODE Waveglider Observations","2","Wave Glider","2021-10-28T00:00:00.000Z","2022-11-30T00:00:00.000Z"
"POCLOUD","SAILDRONE_ARCTIC_2022","1","Saildrone 2022 Arctic field campaign for the Multi-Sensor Improved SST (MISST) project","2","Saildrone","2022-06-18T00:00:00.000Z","2022-08-17T23:59:59.000Z"
"POCLOUD","SASSIE_L1_SWIFT_V1","1","SASSIE Arctic Field Campaign L1 SWIFT Data Fall 2022","1","BUOYS","2022-08-01T00:00:00.000Z","2022-10-31T00:00:00.000Z"
"POCLOUD","SASSIE_L1_WAVEGLIDER_V1","1","SASSIE Arctic Field Campaign L1 Wave Glider Data Fall 2022","1","Wave Glider","2022-08-01T00:00:00.000Z","2022-10-31T00:00:00.000Z"
"POCLOUD","SASSIE_L2_SHIPBOARD_METEOROLOGY_V1","1","SASSIE Arctic Field Campaign Shipboard Meteorology Data Fall 2022","2","Ships","2022-08-06T00:00:00.000Z","2022-10-01T23:59:59.000Z"
"POCLOUD","SASSIE_L2_WAVEGLIDERS_V1","1","SASSIE Arctic Field Campaign Wave Glider Data Fall 2022 Version 1","2","Wave Glider","2022-08-12T00:00:00.000Z","2022-09-30T00:00:00.000Z"
"POCLOUD","SMODE_L2_SEAGLIDERS_V1","1","S-MODE Seaglider Observations Version 1","2","SEAGLIDER","2022-08-23T00:00:00.000Z","2023-07-07T00:00:00.000Z"
"POCLOUD","SMODE_L3_SEAGLIDERS_TEMP_SALINITY_V1","1","S-MODE Level 3 Seaglider Observations Version 1","3","SEAGLIDER","2022-08-23T00:00:00.000Z","2023-07-07T00:00:00.000Z"
"POCLOUD","SASSIE_L2_SHIPBOARD_TSG_V1","1","SASSIE Arctic Field Campaign Shipboard Thermosalinograph Data Fall 2022 Version 1","2","Ships","2022-09-05T00:00:00.000Z","2022-10-03T00:00:00.000Z"
"POCLOUD","SASSIE_L2_ALTO_ALAMO_FLOATS_V1","1","SASSIE Arctic Field Campaign ALTO/ALAMO Profiling Float Data Fall 2022 Version 1","2","Argo-Float","2022-09-08T00:00:00.000Z","2022-10-15T00:00:00.000Z"
"POCLOUD","SASSIE_L2_SBAND_ML_V1","1","SASSIE Arctic Field Campaign Summary Ice Concentration Rankings from ML analysis of SBAND Images Fall 2022","2","Ships","2022-09-08T00:00:00.000Z","2022-09-30T00:00:00.000Z"
"POCLOUD","SASSIE_L2_SHIPBOARD_ADCP_V1","1","SASSIE Arctic Field Campaign Shipboard Acoustic Doppler Current Profiler Data Fall 2022","2","Ships","2022-09-08T00:00:00.000Z","2022-10-04T00:00:00.000Z"
"POCLOUD","SASSIE_L3_SHIPBOARD_SBAND_V1","1","SASSIE Arctic Field Campaign Shipboard S-Band Radar Level 3 Data Fall 2022","3","Ships","2022-09-08T00:00:00.000Z","2022-09-30T00:00:00.000Z"
"POCLOUD","SASSIE_L4_SHIPBOARD_SBAND_V1","1","SASSIE Arctic Field Campaign Shipboard S-Band Radar Level 4 Data Fall 2022","4","Ships","2022-09-08T00:00:00.000Z","2022-09-30T00:00:00.000Z"
"POCLOUD","SASSIE_L2_DRIFTER_UPTEMPO_V1","1","SASSIE Arctic Field Campaign Drifter Hydrography Data Fall 2022 Version 1","2","BUOYS","2022-09-09T00:00:00.000Z","2023-03-14T00:00:00.000Z"
"POCLOUD","SASSIE_L2_DRIFTER_UPTEMPO_V2p","2p","SASSIE Arctic Field Campaign Drifter Hydrography Data Fall 2022 Version 2p","2P","BUOYS","2022-09-09T00:00:00.000Z","2023-06-30T00:00:00.000Z"
"POCLOUD","SASSIE_L2_SHIPBOARD_DELTA_18O_V1","1","SASSIE Arctic Field Campaign Shipboard Delta-18O Data Fall 2022","2","Ships","2022-09-09T00:00:00.000Z","2022-10-03T23:59:59.000Z"
"POCLOUD","SASSIE_L2_SHIPBOARD_SALINITY_SNAKE_V1","1","SASSIE Arctic Field Campaign Shipboard Salinity Snake Data Fall 2022","2","Ships","2022-09-09T00:00:00.000Z","2022-10-03T23:59:59.000Z"
"POCLOUD","SASSIE_L2_SWIFT_V1","1","SASSIE Arctic Field Campaign SWIFT Data Fall 2022 Version 1","2","BUOYS","2022-09-09T00:00:00.000Z","2022-09-30T00:00:00.000Z"
"POCLOUD","SASSIE_L2_SHIPBOARD_UCTD_V1","1","SASSIE Arctic Field Campaign Shipboard uCTD Data Fall 2022 Version 1","2","Ships","2022-09-09T03:55:00.000Z","2022-09-29T12:15:00.000Z"
"POCLOUD","SASSIE_L2_SHIPBOARD_CASTAWAY_CTD_V1","1","SASSIE Arctic Field Campaign Shipboard Castaway CTD Data Fall 2022 Version 1","2","Ships","2022-09-09T15:00:00.000Z","2022-09-19T01:00:00.000Z"
"POCLOUD","SASSIE_L2_UNDER_ICE_FLOAT_V1","1","SASSIE Arctic Field Campaign Under Ice Float Fall 2022 Version 1","2P","BUOYS","2022-09-10T00:00:00.000Z","2022-10-23T00:00:00.000Z"
"POCLOUD","SASSIE_L2_JET_SSP_V1","1","SASSIE Arctic Field Campaign Jet Surface Salinity Profiler Data Fall 2022 Version 1","2","ROVS","2022-09-10T23:00:00.000Z","2022-09-26T20:00:00.000Z"
"POCLOUD","SMODE_L2_LAGRANGIAN_FLOATS_V1","1","S-MODE Lagrangian Float Observations Version 1","2","BUOYS","2022-10-01T00:00:00.000Z","2023-05-31T00:00:00.000Z"
"POCLOUD","SMODE_L2_SHIPBOARD_BIO_V1","1","S-MODE Shipboard Bio-optical Measurements Version 1","2","Ships","2022-10-09T00:00:00.000Z","2022-11-02T00:00:00.000Z"
"ISRO","E06_OCM_GAC_STGO00GND","1.0","EOS-06 OCM Global Area Coverage (GAC) - 1080m resolution Standard Products - Oceansat Series","1C","OCEAN PLATFORMS","2023-04-01T00:00:00.000Z",
"ISRO","E06_OCM_LAC_STGO00GND","1.0","EOS-06 OCM Local Area Coverage (LAC) - 366m Resolution Standard Products - Oceansat Series","1C","OCEAN PLATFORMS","2023-04-01T00:00:00.000Z",
"POCLOUD","SMODE_L2_APEX_FLOAT_V1","1","S-MODE Temperature and Salinity from NAVO Floats Version 1","2","Argo-Float","2023-04-01T00:00:00.000Z","2023-08-01T00:00:00.000Z"
